date,number_of_lab_tests,cumulative_number_of_lab_tests,number_of_cases,cumulative_number_of_cases,currently_hospitalized,currently_in_icu,count_hosp_covid_related,count_icu_covid_related,cumulative_number_of_deaths,number_of_deaths,number_of_variants_of_concern,percent_positivity,total_vaccinated,active_cases
2020-03-06,60,511,0,0,0,0,,,0,0,0,5.0,0.0,2.0
2020-03-07,281,792,1,2,0,0,,,0,0,0,0.0,0.0,2.0
2020-03-08,454,1246,1,3,0,0,,,0,0,0,0.0,0.0,4.0
2020-03-09,643,1889,4,7,1,0,,,0,0,0,1.71,0.0,7.0
2020-03-10,784,2673,9,16,1,0,,,0,0,0,1.91,0.0,14.0
2020-03-11,1334,4007,7,23,1,0,,,0,0,0,0.6,0.0,19.0
2020-03-12,1147,5154,3,26,2,1,,,0,0,0,0.26,0.0,23.0
2020-03-13,1587,6741,8,34,5,2,,,0,0,0,1.2,0.0,29.0
2020-03-14,1555,8296,22,56,5,2,,,0,0,0,1.93,0.0,39.0
2020-03-15,1834,10130,11,67,5,2,,,0,0,0,0.87,0.0,56.0
2020-03-16,1485,11615,24,91,6,2,,,0,0,0,2.63,0.0,74.0
2020-03-17,2083,13698,11,102,7,3,,,0,0,0,0.48,0.0,97.0
2020-03-18,2878,16576,29,131,12,3,,,1,1,0,1.88,0.0,119.0
2020-03-19,2869,19445,32,163,15,8,,,1,0,0,1.67,0.0,144.0
2020-03-20,3593,23038,46,209,16,9,,,1,0,0,1.64,0.0,192.0
2020-03-21,3507,26545,35,244,19,10,,,1,0,0,1.17,0.0,223.0
2020-03-22,2854,29399,47,291,20,10,,,1,0,0,1.26,0.0,256.0
2020-03-23,2728,32127,52,343,22,10,,,1,0,0,1.65,0.0,298.0
2020-03-24,3143,35270,68,411,29,11,,,1,0,0,1.81,0.0,355.0
2020-03-25,1645,36915,63,474,33,11,,,1,0,0,3.65,0.0,416.0
2020-03-26,1316,38231,53,527,34,11,,,1,0,0,2.74,0.0,459.0
2020-03-27,3697,41928,85,612,35,13,,,1,0,0,2.41,0.0,509.0
2020-03-28,2145,44073,54,666,38,14,,,1,0,0,2.0,0.0,568.0
2020-03-29,1929,46002,34,700,40,15,,,5,4,0,0.98,0.0,588.0
2020-03-30,2549,48551,40,740,42,17,,,10,5,0,1.18,0.0,596.0
2020-03-31,4770,53321,132,872,42,18,,,11,1,0,2.56,0.0,634.0
2020-04-01,3610,56931,108,980,41,20,,,12,1,0,2.3,0.0,729.0
2020-04-02,4009,60940,122,1102,43,20,,,15,3,0,2.34,0.0,794.0
2020-04-03,1723,62663,70,1172,45,19,,,18,3,0,2.44,0.0,879.0
2020-04-04,1807,64470,60,1232,47,20,,,23,5,0,2.6,0.0,941.0
2020-04-05,1185,65655,42,1274,44,20,,,25,2,0,3.21,0.0,971.0
2020-04-06,941,66596,34,1308,45,18,,,28,3,0,2.66,0.0,987.0
2020-04-07,1705,68301,53,1361,46,16,,,28,0,0,2.29,0.0,926.0
2020-04-08,1288,69589,33,1394,49,16,,,32,4,0,2.17,0.0,904.0
2020-04-09,2291,71880,45,1439,50,15,,,36,4,0,1.48,0.0,859.0
2020-04-10,2851,74731,49,1488,52,15,,,40,4,0,1.4,0.0,787.0
2020-04-11,2240,76971,65,1553,52,15,,,45,5,0,2.14,0.0,795.0
2020-04-12,2305,79276,68,1621,50,15,,,45,0,0,2.52,0.0,828.0
2020-04-13,2136,81412,68,1689,49,14,,,48,3,0,2.76,0.0,855.0
2020-04-14,2572,83984,127,1816,48,15,,,48,0,0,4.67,0.0,956.0
2020-04-15,3092,87076,133,1949,55,12,,,50,2,0,3.85,0.0,1082.0
2020-04-16,3099,90175,146,2095,58,13,,,50,0,0,4.94,0.0,1244.0
2020-04-17,5238,95413,213,2308,63,14,,,54,4,0,4.01,0.0,1273.0
2020-04-18,3800,99213,187,2495,56,16,,,57,3,0,4.79,0.0,1400.0
2020-04-19,4370,103583,201,2696,62,19,,,62,5,0,4.51,0.0,1605.0
2020-04-20,4009,107592,183,2879,62,18,,,66,4,0,4.71,0.0,1678.0
2020-04-21,4313,111905,264,3143,61,20,,,72,6,0,5.91,0.0,1822.0
2020-04-22,4057,115962,294,3437,64,19,,,75,3,0,7.2,0.0,2091.0
2020-04-23,4471,120433,340,3777,65,18,,,80,5,0,7.67,0.0,2363.0
2020-04-24,4531,124964,232,4009,70,21,,,80,0,0,5.16,0.0,2620.0
2020-04-25,4664,129628,222,4231,70,19,,,84,4,0,4.97,0.0,2762.0
2020-04-26,4301,133929,203,4434,75,21,,,88,4,0,4.49,0.0,2931.0
2020-04-27,3444,137373,178,4612,77,20,,,90,2,0,5.14,0.0,3032.0
2020-04-28,4362,141735,249,4861,79,23,,,94,4,0,5.89,0.0,3186.0
2020-04-29,5077,146812,231,5092,86,22,,,96,2,0,4.53,0.0,3212.0
2020-04-30,5035,151847,222,5314,89,22,,,100,4,0,4.37,0.0,3194.0
2020-05-01,2847,154694,141,5455,82,23,,,102,2,0,4.25,0.0,3214.0
2020-05-02,4970,159664,112,5567,83,19,,,104,2,0,2.25,0.0,3136.0
2020-05-03,3244,162908,70,5637,83,21,,,106,2,0,2.37,0.0,3053.0
2020-05-04,2557,165465,79,5716,82,21,,,107,1,0,2.89,0.0,2894.0
2020-05-05,3032,168497,62,5778,84,20,,,111,4,0,2.01,0.0,2674.0
2020-05-06,2882,171379,65,5843,79,19,,,112,1,0,2.22,0.0,2411.0
2020-05-07,4135,175514,87,5930,78,18,,,115,3,0,2.18,0.0,2208.0
2020-05-08,3781,179295,77,6007,73,16,,,115,0,0,2.17,0.0,2078.0
2020-05-09,4214,183509,85,6092,64,14,,,117,2,0,1.97,0.0,1953.0
2020-05-10,3260,186769,71,6163,65,12,,,118,1,0,2.18,0.0,1864.0
2020-05-11,2793,189562,47,6210,64,11,,,121,3,0,1.75,0.0,1641.0
2020-05-12,3756,193318,70,6280,65,11,,,124,3,0,1.86,0.0,1479.0
2020-05-13,4409,197727,62,6342,61,9,,,124,0,0,1.47,0.0,1331.0
2020-05-14,4767,202494,61,6403,57,9,,,125,1,0,1.26,0.0,1252.0
2020-05-15,4700,207194,73,6476,52,9,,,126,1,0,1.57,0.0,1198.0
2020-05-16,3986,211180,54,6530,50,8,,,128,2,0,1.4,0.0,1210.0
2020-05-17,3189,214369,46,6576,50,9,,,129,1,0,1.57,0.0,1191.0
2020-05-18,3230,217599,38,6614,50,9,,,131,2,0,1.24,0.0,1164.0
2020-05-19,2503,220102,43,6657,45,8,,,132,1,0,1.8,0.0,1132.0
2020-05-20,3277,223379,27,6684,44,7,,,136,4,0,0.92,0.0,1098.0
2020-05-21,3722,227101,30,6714,42,6,,,138,2,0,0.83,0.0,1058.0
2020-05-22,3823,230924,27,6741,39,6,,,138,0,0,0.86,0.0,999.0
2020-05-23,3861,234785,32,6773,35,7,,,139,1,0,0.83,0.0,949.0
2020-05-24,3234,238019,29,6802,33,6,,,139,0,0,0.87,0.0,936.0
2020-05-25,2958,240977,13,6815,33,5,,,141,2,0,0.44,0.0,900.0
2020-05-26,3056,244033,19,6834,33,5,,,143,2,0,0.65,0.0,853.0
2020-05-27,3603,247636,27,6861,31,4,,,143,0,0,0.78,0.0,820.0
2020-05-28,3903,251539,28,6889,32,4,,,143,0,0,0.74,0.0,795.0
2020-05-29,3862,255401,30,6919,33,5,,,144,1,0,0.78,0.0,820.0
2020-05-30,3364,258765,20,6939,27,6,,,144,0,0,0.62,0.0,747.0
2020-05-31,3133,261898,34,6973,24,6,,,144,0,0,1.09,0.0,727.0
2020-06-01,2734,264632,21,6994,24,6,,,145,1,0,0.77,0.0,543.0
2020-06-02,4055,268687,19,7013,25,6,,,146,1,0,0.62,0.0,520.0
2020-06-03,4781,273468,18,7031,20,6,,,147,1,0,0.38,0.0,489.0
2020-06-04,5416,278884,19,7050,18,5,,,147,0,0,0.39,0.0,480.0
2020-06-05,5604,284488,37,7087,18,5,,,148,1,0,0.75,0.0,474.0
2020-06-06,5870,290358,23,7110,18,5,,,150,2,0,0.44,0.0,482.0
2020-06-07,5490,295848,33,7143,20,5,,,150,0,0,0.62,0.0,482.0
2020-06-08,4976,300824,24,7167,19,5,,,151,1,0,0.52,0.0,504.0
2020-06-09,5923,306747,38,7205,16,5,,,151,0,0,0.69,0.0,507.0
2020-06-10,6850,313597,48,7253,16,4,,,151,0,0,0.73,0.0,522.0
2020-06-11,8477,322074,43,7296,16,4,,,151,0,0,0.51,0.0,528.0
2020-06-12,6183,328257,27,7323,20,5,,,151,0,0,0.44,0.0,535.0
2020-06-13,7665,335922,35,7358,18,5,,,151,0,0,0.52,0.0,553.0
2020-06-14,7459,343381,53,7411,20,6,,,151,0,0,0.76,0.0,572.0
2020-06-15,6366,349747,36,7447,25,6,,,151,0,0,0.58,0.0,585.0
2020-06-16,6970,356717,45,7492,27,7,,,151,0,0,0.67,0.0,600.0
2020-06-17,7821,364538,46,7538,28,7,,,152,1,0,0.64,0.0,637.0
2020-06-18,9100,373638,46,7584,30,6,,,152,0,0,0.57,0.0,641.0
2020-06-19,7399,381037,47,7631,30,6,,,152,0,0,0.65,0.0,664.0
2020-06-20,8324,389361,30,7661,27,7,,,152,0,0,0.38,0.0,677.0
2020-06-21,6895,396256,33,7694,28,6,,,153,1,0,0.51,0.0,686.0
2020-06-22,6542,402798,41,7735,26,6,,,153,0,0,0.61,0.0,695.0
2020-06-23,6518,409316,45,7780,28,7,,,153,0,0,0.81,0.0,685.0
2020-06-24,6367,415683,25,7805,27,8,,,153,0,0,0.47,0.0,691.0
2020-06-25,6634,422317,36,7841,30,8,,,154,1,0,0.57,0.0,659.0
2020-06-26,6396,428713,66,7907,32,8,,,154,0,0,1.13,0.0,663.0
2020-06-27,6509,435222,37,7944,32,8,,,154,0,0,0.61,0.0,674.0
2020-06-28,6997,442219,68,8012,32,9,,,154,0,0,1.03,0.0,674.0
2020-06-29,7199,449418,44,8056,32,9,,,154,0,0,0.64,0.0,713.0
2020-06-30,6952,456370,33,8089,32,8,,,155,1,0,0.62,0.0,703.0
2020-07-01,7675,464045,64,8153,30,8,,,155,0,0,0.86,0.0,733.0
2020-07-02,6739,470784,55,8208,33,9,,,155,0,0,0.91,0.0,697.0
2020-07-03,5960,476744,30,8238,38,8,,,155,0,0,0.55,0.0,727.0
2020-07-04,5545,482289,48,8286,46,7,,,156,1,0,0.92,0.0,756.0
2020-07-05,5602,487891,48,8334,46,6,,,156,0,0,1.09,0.0,808.0
2020-07-06,6014,493905,49,8383,47,6,,,156,0,0,0.78,0.0,762.0
2020-07-07,6268,500173,44,8427,47,7,,,158,2,0,0.78,0.0,777.0
2020-07-08,6970,507143,43,8470,41,7,,,159,1,0,0.66,0.0,766.0
2020-07-09,7804,514947,74,8544,41,9,,,162,3,0,0.96,0.0,751.0
2020-07-10,7528,522475,62,8606,43,8,,,162,0,0,0.85,0.0,763.0
2020-07-11,10003,532478,90,8696,44,11,,,162,0,0,1.01,0.0,732.0
2020-07-12,7595,540073,78,8774,46,13,,,162,0,0,1.12,0.0,790.0
2020-07-13,5809,545882,87,8861,56,13,,,163,1,0,1.62,0.0,837.0
2020-07-14,6386,552268,85,8946,61,7,,,166,3,0,1.44,0.0,864.0
2020-07-15,8225,560493,115,9061,64,8,,,166,0,0,1.62,0.0,867.0
2020-07-16,6484,566977,103,9164,68,15,,,167,1,0,1.73,0.0,972.0
2020-07-17,9719,576696,168,9332,75,16,,,167,0,0,1.89,0.0,1026.0
2020-07-18,6857,583553,102,9434,75,15,,,170,3,0,1.63,0.0,1148.0
2020-07-19,6961,590514,88,9522,76,17,,,171,1,0,1.39,0.0,1219.0
2020-07-20,7817,598331,131,9653,85,16,,,173,2,0,1.69,0.0,1279.0
2020-07-21,8156,606487,136,9789,92,18,,,175,2,0,1.77,0.0,1365.0
2020-07-22,8230,614717,113,9902,94,21,,,177,2,1,1.37,0.0,1425.0
2020-07-23,8741,623458,116,10018,90,21,,,179,2,0,1.4,0.0,1469.0
2020-07-24,10589,634047,117,10135,88,16,,,182,3,0,1.18,0.0,1519.0
2020-07-25,9855,643902,98,10233,78,16,,,184,2,0,1.07,0.0,1559.0
2020-07-26,7443,651345,89,10322,79,17,,,187,3,0,1.36,0.0,1594.0
2020-07-27,7910,659255,81,10403,79,15,,,190,3,0,1.13,0.0,1616.0
2020-07-28,8989,668244,131,10534,76,16,,,194,4,0,1.57,0.0,1604.0
2020-07-29,8674,676918,118,10652,77,17,,,195,1,0,1.43,0.0,1620.0
2020-07-30,8394,685312,124,10776,75,16,,,196,1,0,1.57,0.0,1603.0
2020-07-31,11514,696826,99,10875,75,17,,,200,4,0,1.01,0.0,1582.0
2020-08-01,9148,705974,67,10942,71,18,,,200,0,0,0.75,0.0,1530.0
2020-08-02,6934,712908,73,11015,72,17,,,200,0,0,1.1,0.0,1486.0
2020-08-03,7246,720154,64,11079,72,22,,,203,3,0,1.02,0.0,1500.0
2020-08-04,7203,727357,94,11173,65,21,,,204,1,0,1.36,0.0,1392.0
2020-08-05,7991,735348,61,11234,62,19,,,207,3,0,0.76,0.0,1349.0
2020-08-06,8561,743909,128,11362,55,18,,,209,2,0,1.55,0.0,1312.0
2020-08-07,8780,752689,111,11473,54,17,,,209,0,0,1.34,0.0,1333.0
2020-08-08,10167,762856,97,11570,54,18,,,214,5,0,0.97,0.0,1283.0
2020-08-09,7414,770270,45,11615,51,15,,,216,2,0,0.63,0.0,1311.0
2020-08-10,7061,777331,86,11701,49,15,,,218,2,0,1.39,0.0,1303.0
2020-08-11,8078,785409,116,11817,47,14,,,220,2,0,1.57,0.0,1220.0
2020-08-12,7752,793161,72,11889,49,13,,,222,2,0,1.02,0.0,1261.0
2020-08-13,8210,801371,81,11970,48,13,,,222,0,0,1.12,0.0,1256.0
2020-08-14,10890,812261,104,12074,46,13,,,222,0,0,0.99,0.0,1257.0
2020-08-15,8658,820919,83,12157,48,13,,,225,3,0,0.95,0.0,1352.0
2020-08-16,8693,829612,95,12252,50,11,,,226,1,0,1.13,0.0,1438.0
2020-08-17,8034,837646,85,12337,53,14,,,227,1,0,1.19,0.0,1274.0
2020-08-18,9037,846683,81,12418,52,15,,,228,1,0,1.01,0.0,1394.0
2020-08-19,9294,855977,101,12519,50,15,,,229,1,0,1.25,0.0,1334.0
2020-08-20,9870,865847,140,12659,44,12,,,229,0,0,1.45,0.0,1312.0
2020-08-21,10176,876023,88,12747,48,12,,,231,2,0,0.9,0.0,1374.0
2020-08-22,10096,886119,103,12850,47,10,,,232,1,0,1.05,0.0,1457.0
2020-08-23,8498,894617,70,12920,48,10,,,236,4,0,0.87,0.0,1563.0
2020-08-24,8446,903063,73,12993,48,8,,,236,0,0,0.96,0.0,1406.0
2020-08-25,9248,912311,125,13118,51,8,,,236,0,0,1.44,0.0,1369.0
2020-08-26,10103,922414,104,13222,53,8,,,237,1,0,1.17,0.0,1411.0
2020-08-27,10997,933411,153,13375,51,8,,,237,0,0,1.42,0.0,1395.0
2020-08-28,10222,943633,142,13517,47,9,,,237,0,0,1.44,0.0,1422.0
2020-08-29,11224,954857,181,13698,44,9,,,237,0,0,1.75,0.0,1555.0
2020-08-30,12265,967122,109,13807,49,11,,,238,1,0,1.02,0.0,1739.0
2020-08-31,9342,976464,152,13959,52,11,,,239,1,0,1.69,0.0,1609.0
2020-09-01,8305,984769,109,14068,53,10,,,240,1,0,1.38,0.0,1639.0
2020-09-02,9557,994326,132,14200,50,10,,,240,0,0,1.44,0.0,1645.0
2020-09-03,10721,1005047,157,14357,52,11,,,241,1,0,1.5,0.0,1657.0
2020-09-04,11395,1016442,169,14526,52,13,,,242,1,0,1.61,0.0,1675.0
2020-09-05,11374,1027816,168,14694,51,13,,,244,2,0,1.58,0.0,1829.0
2020-09-06,12100,1039916,134,14828,49,11,,,245,1,0,1.19,0.0,2000.0
2020-09-07,12570,1052486,147,14975,48,10,,,249,4,0,1.26,0.0,2137.0
2020-09-08,10507,1062993,97,15072,49,7,,,250,1,0,1.0,0.0,1939.0
2020-09-09,9716,1072709,113,15185,44,7,,,250,0,0,1.25,0.0,1833.0
2020-09-10,11983,1084692,116,15301,42,6,,,251,1,0,0.98,0.0,1747.0
2020-09-11,12763,1097455,115,15416,43,6,,,252,1,0,0.94,0.0,1697.0
2020-09-12,18920,1116375,166,15582,44,7,,,252,0,0,0.89,0.0,1802.0
2020-09-13,14459,1130834,137,15719,41,7,,,252,0,0,1.0,0.0,1975.0
2020-09-14,12992,1143826,123,15842,48,9,,,252,0,0,0.96,0.0,1792.0
2020-09-15,12546,1156372,170,16012,46,8,,,252,0,0,1.41,0.0,1745.0
2020-09-16,18136,1174508,182,16194,47,8,,,252,0,0,1.05,0.0,1749.0
2020-09-17,12707,1187215,125,16319,51,8,,,252,0,0,1.05,0.0,1737.0
2020-09-18,13830,1201045,137,16456,58,9,,,252,0,0,1.03,0.0,1679.0
2020-09-19,14062,1215107,120,16576,59,11,,,253,1,0,0.89,0.0,1798.0
2020-09-20,16262,1231369,152,16728,60,12,,,254,1,0,0.97,0.0,1900.0
2020-09-21,13500,1244869,156,16884,60,12,,,256,2,0,1.24,0.0,1715.0
2020-09-22,13663,1258532,128,17012,61,13,,,258,2,0,1.0,0.0,1823.0
2020-09-23,13663,1272195,129,17141,64,15,,,260,2,0,1.04,0.0,1780.0
2020-09-24,16685,1288880,124,17265,68,15,,,260,0,0,0.85,0.0,1723.0
2020-09-25,14630,1303510,175,17440,70,16,,,261,1,0,1.28,0.0,1758.0
2020-09-26,18583,1322093,155,17595,69,16,,,262,1,0,0.91,0.0,1818.0
2020-09-27,14135,1336228,121,17716,72,14,,,263,1,0,0.94,0.0,2002.0
2020-09-28,12583,1348811,127,17843,70,12,,,263,0,0,1.08,0.0,1814.0
2020-09-29,15567,1364378,175,18018,70,12,,,264,1,0,1.16,0.0,1837.0
2020-09-30,15243,1379621,154,18172,74,13,,,268,4,0,1.05,0.0,1849.0
2020-10-01,14111,1393732,147,18319,74,15,,,271,3,0,1.16,0.0,1865.0
2020-10-02,15888,1409620,222,18541,79,16,,,275,4,0,1.5,0.0,1830.0
2020-10-03,14894,1424514,195,18736,80,16,,,277,2,0,1.35,0.0,1927.0
2020-10-04,14479,1438993,213,18949,76,14,,,278,1,0,1.49,0.0,2190.0
2020-10-05,18042,1457035,206,19155,79,16,,,278,0,0,1.2,0.0,2063.0
2020-10-06,11770,1468805,243,19398,88,15,,,280,2,0,2.12,0.0,2181.0
2020-10-07,13980,1482785,218,19616,92,13,,,281,1,0,1.68,0.0,2191.0
2020-10-08,15356,1498141,186,19802,91,11,,,282,1,0,1.35,0.0,2380.0
2020-10-09,16199,1514340,258,20060,91,12,,,283,1,0,1.67,0.0,2507.0
2020-10-10,13888,1528228,250,20310,98,14,,,284,1,0,1.93,0.0,2743.0
2020-10-11,16677,1544905,241,20551,101,16,,,285,1,0,1.57,0.0,3002.0
2020-10-12,11474,1556379,221,20772,103,13,,,285,0,0,2.03,0.0,3248.0
2020-10-13,14901,1571280,242,21014,104,14,,,287,2,0,1.7,0.0,2901.0
2020-10-14,12795,1584075,242,21256,108,15,,,287,0,0,2.01,0.0,2976.0
2020-10-15,14179,1598254,319,21575,118,10,,,288,1,0,2.36,0.0,3026.0
2020-10-16,16032,1614286,307,21882,118,12,,,289,1,0,2.01,0.0,3124.0
2020-10-17,12565,1626851,225,22107,123,13,,,289,0,0,1.85,0.0,3435.0
2020-10-18,13598,1640449,370,22477,121,16,,,291,2,0,2.89,0.0,3666.0
2020-10-19,13019,1653468,324,22801,120,15,,,293,2,0,2.63,0.0,3430.0
2020-10-20,14955,1668423,392,23193,114,15,,,295,2,0,2.88,0.0,3496.0
2020-10-21,14333,1682756,436,23629,108,17,,,297,2,0,3.18,0.0,3668.0
2020-10-22,15549,1698305,442,24071,107,14,,,301,4,0,2.89,0.0,3815.0
2020-10-23,16389,1714694,390,24461,106,15,,,304,3,0,2.5,0.0,3951.0
2020-10-24,17134,1731828,578,25039,108,17,,,306,2,0,3.54,0.0,4347.0
2020-10-25,12689,1744517,500,25539,110,16,,,307,1,0,4.12,0.0,4919.0
2020-10-26,9649,1754166,416,25955,117,16,,,309,2,0,4.57,0.0,4784.0
2020-10-27,10962,1765128,407,26362,122,20,,,314,5,0,3.94,0.0,5047.0
2020-10-28,12858,1777986,479,26841,131,18,,,320,6,0,3.94,0.0,5106.0
2020-10-29,13649,1791635,614,27455,141,25,,,323,3,0,4.83,0.0,5239.0
2020-10-30,13827,1805462,589,28044,136,24,,,326,3,0,4.39,0.0,5495.0
2020-10-31,13203,1818665,524,28568,142,24,,,333,7,0,4.17,0.0,6076.0
2020-11-01,11638,1830303,605,29173,152,28,,,338,5,0,5.34,0.0,6601.0
2020-11-02,8970,1839273,571,29744,154,28,,,341,3,0,6.61,0.0,7193.0
2020-11-03,11167,1850440,537,30281,158,32,,,350,9,0,5.05,0.0,6448.0
2020-11-04,14099,1864539,771,31052,159,32,,,354,4,0,5.74,0.0,6573.0
2020-11-05,14153,1878692,735,31787,171,32,,,361,7,0,5.48,0.0,6981.0
2020-11-06,15030,1893722,825,32612,179,33,,,368,7,0,5.89,0.0,7197.0
2020-11-07,12167,1905889,640,33252,184,35,,,373,5,0,5.59,0.0,7665.0
2020-11-08,11616,1917505,630,33882,192,38,,,383,10,0,5.72,0.0,8075.0
2020-11-09,9323,1926828,724,34606,207,42,,,389,6,0,8.22,0.0,8334.0
2020-11-10,12679,1939507,676,35282,216,44,,,397,8,0,5.76,0.0,8466.0
2020-11-11,14924,1954431,854,36136,224,50,,,400,3,0,5.98,0.0,9138.0
2020-11-12,14035,1968466,896,37032,246,53,,,407,7,0,6.93,0.0,8698.0
2020-11-13,14322,1982788,1017,38049,261,55,,,413,6,0,7.71,0.0,8991.0
2020-11-14,15603,1998391,981,39030,271,57,,,422,9,0,6.72,0.0,10017.0
2020-11-15,12217,2010608,852,39882,283,56,,,435,13,0,7.45,0.0,10050.0
2020-11-16,11539,2022147,765,40647,292,58,,,449,14,0,7.0,0.0,10458.0
2020-11-17,13453,2035600,729,41376,305,59,,,459,10,0,5.91,0.0,10500.0
2020-11-18,16471,2052071,1102,42478,322,61,,,466,7,0,7.24,0.0,10500.0
2020-11-19,17768,2069839,1140,43618,345,59,,,476,10,0,7.05,0.0,10833.0
2020-11-20,19342,2089181,1333,44951,355,58,,,484,8,0,7.45,0.0,11117.0
2020-11-21,19571,2108752,1562,46513,356,62,,,493,9,0,8.54,0.0,11745.0
2020-11-22,19567,2128319,1528,48041,364,65,,,504,11,0,8.33,0.0,12666.0
2020-11-23,13649,2141968,1120,49161,383,66,,,514,10,0,8.78,0.0,13642.0
2020-11-24,15715,2157683,1271,50432,397,74,,,524,10,0,8.53,0.0,13841.0
2020-11-25,16000,2173683,1084,51516,436,85,,,533,9,0,7.28,0.0,14219.0
2020-11-26,16355,2190038,1228,52744,448,86,,,545,12,0,7.92,0.0,14562.0
2020-11-27,21749,2211787,1714,54458,462,89,,,558,13,0,8.39,0.0,14736.0
2020-11-28,23385,2235172,1593,56051,477,94,,,567,9,0,7.32,0.0,15455.0
2020-11-29,20591,2255763,1709,57760,494,95,,,579,12,0,8.79,0.0,16225.0
2020-11-30,15884,2271647,1317,59077,520,102,,,595,16,0,8.82,0.0,16995.0
2020-12-01,18517,2290164,1695,60772,550,100,,,607,12,0,9.61,0.0,17179.0
2020-12-02,19698,2309862,1851,62623,565,101,,,625,18,0,9.81,0.0,17705.0
2020-12-03,17309,2327171,1794,64417,587,100,,,640,15,0,11.15,0.0,18318.0
2020-12-04,21186,2348357,1880,66297,601,103,,,666,26,0,9.47,0.0,18833.0
2020-12-05,23544,2371901,1828,68125,626,106,,,680,14,0,8.3,0.0,19402.0
2020-12-06,20472,2392373,1725,69850,654,113,,,699,19,0,9.02,0.0,20099.0
2020-12-07,19195,2411568,1794,71644,695,115,,,722,23,0,9.85,0.0,20698.0
2020-12-08,16894,2428462,1494,73138,708,128,,,735,13,0,9.48,0.0,21028.0
2020-12-09,16891,2445353,1596,74734,725,127,,,756,21,0,9.98,0.0,20852.0
2020-12-10,21106,2466459,1745,76479,727,127,,,775,19,0,8.93,0.0,20829.0
2020-12-11,20348,2486807,1597,78076,726,128,,,787,12,0,8.42,0.0,20845.0
2020-12-12,21833,2508640,1709,79785,705,136,,,812,25,0,8.35,0.0,20769.0
2020-12-13,20496,2529136,1865,81650,729,138,,,828,16,0,9.52,0.0,21281.0
2020-12-14,16468,2545604,1342,82992,760,135,,,848,20,0,8.9,0.0,21856.0
2020-12-15,17645,2563249,1287,84279,774,142,,,871,23,1,7.71,0.0,21393.0
2020-12-16,19960,2583209,1592,85871,784,140,,,895,24,0,8.46,0.0,20929.0
2020-12-17,19672,2602881,1461,87332,792,145,,,916,21,1,7.97,0.0,20655.0
2020-12-18,18664,2621545,1369,88701,790,154,,,944,28,0,7.93,0.0,20422.0
2020-12-19,18156,2639701,1307,90008,789,152,,,961,17,0,7.62,0.0,20101.0
2020-12-20,18499,2658200,1251,91259,810,153,,,974,13,0,7.37,0.0,20052.0
2020-12-21,14366,2672566,1052,92311,822,152,,,996,22,1,7.73,0.0,20025.0
2020-12-22,19445,2692011,1336,93647,836,144,,,1021,25,1,7.45,0.0,19182.0
2020-12-23,15747,2707758,1130,94777,852,150,,,1042,21,1,7.67,0.0,18711.0
2020-12-24,18182,2725940,1240,96017,848,151,,,1064,22,1,7.32,0.0,19718.0
2020-12-25,14406,2740346,904,96921,836,147,,,1092,28,0,6.68,0.0,20909.0
2020-12-26,7110,2747456,486,97407,846,141,,,1116,24,1,7.44,0.0,21823.0
2020-12-27,9892,2757348,955,98362,864,150,,,1143,27,0,10.35,0.0,22282.0
2020-12-28,11287,2768635,897,99259,880,154,,,1159,16,0,8.33,0.0,16489.0
2020-12-29,15059,2783694,1364,100623,903,152,,,1179,20,0,9.39,0.0,15813.0
2020-12-30,17143,2800837,1263,101886,905,144,,,1197,18,0,7.65,0.0,15601.0
2020-12-31,16684,2817521,1360,103246,892,141,,,1213,16,0,8.57,0.0,16827.0
2021-01-01,12952,2830473,921,104167,877,147,,,1237,24,4,7.61,0.0,18188.0
2021-01-02,8365,2838838,466,104633,889,142,,,1267,30,1,5.86,0.0,19121.0
2021-01-03,12232,2851070,1138,105771,890,139,,,1291,24,2,9.86,0.0,19580.0
2021-01-04,10628,2861698,878,106649,902,141,,,1316,25,1,8.62,0.0,14981.0
2021-01-05,16450,2878148,1148,107797,880,142,,,1339,23,1,7.28,0.0,14579.0
2021-01-06,15094,2893242,966,108763,847,140,,,1365,26,1,6.7,0.0,14643.0
2021-01-07,16994,2910236,1177,109940,818,139,,,1385,20,4,7.21,0.0,14515.0
2021-01-08,13664,2923900,980,110920,798,135,,,1402,17,1,7.52,0.0,14869.0
2021-01-09,12367,2936267,809,111729,772,132,,,1426,24,3,6.87,0.0,15709.0
2021-01-10,9894,2946161,627,112356,793,136,,,1454,28,0,6.65,0.0,15400.0
2021-01-11,9401,2955562,675,113031,798,133,,,1472,18,0,7.5,0.0,15224.0
2021-01-12,15960,2971522,867,113898,791,137,,,1496,24,2,5.8,0.0,14565.0
2021-01-13,16303,2987825,966,114864,767,135,,,1506,10,1,6.31,0.0,14206.0
2021-01-14,13640,3001465,779,115643,765,127,,,1521,15,1,5.91,0.0,13823.0
2021-01-15,12472,3013937,702,116345,740,123,,,1538,17,5,5.92,0.0,13591.0
2021-01-16,11527,3025464,743,117088,717,123,,,1557,19,6,6.81,0.0,14130.0
2021-01-17,8613,3034077,461,117549,717,121,,,1575,18,2,5.65,0.0,13670.0
2021-01-18,7730,3041807,462,118011,723,122,,,1587,12,2,6.27,0.0,13370.0
2021-01-19,14722,3056529,670,118681,725,125,,,1611,24,0,4.88,0.0,12559.0
2021-01-20,14097,3070626,672,119353,701,121,,,1627,16,4,5.03,7272.0,12049.0
2021-01-21,13042,3083668,642,119995,671,117,,,1642,15,2,5.09,7272.0,11756.0
2021-01-22,10918,3094586,567,120562,649,115,,,1655,13,3,5.52,7272.0,11499.0
2021-01-23,10256,3104842,451,121013,615,111,,,1672,17,2,4.57,7272.0,11252.0
2021-01-24,7203,3112045,358,121371,602,114,,,1684,12,1,5.28,7272.0,11060.0
2021-01-25,8317,3120362,362,121733,593,108,,,1700,16,10,4.48,9876.0,10913.0
2021-01-26,12891,3133253,468,122201,575,109,,,1707,7,1,3.82,10174.0,10239.0
2021-01-27,12336,3145589,473,122674,566,111,,,1716,9,4,4.09,11362.0,9802.0
2021-01-28,11608,3157197,519,123193,561,108,,,1727,11,12,4.63,12672.0,9647.0
2021-01-29,10396,3167593,388,123581,547,102,,,1735,8,4,3.89,14352.0,9425.0
2021-01-30,8966,3176559,468,124049,527,101,,,1744,9,6,5.45,15648.0,9161.0
2021-01-31,7305,3183864,351,124400,521,102,,,1751,7,5,5.0,16118.0,9144.0
2021-02-01,7913,3191777,280,124680,524,96,,,1760,9,8,3.65,16209.0,9036.0
2021-02-02,13072,3204849,456,125136,500,93,,,1768,8,12,3.66,17191.0,8572.0
2021-02-03,11521,3216370,403,125539,476,92,,,1781,13,12,3.64,18970.0,8270.0
2021-02-04,10002,3226372,394,125933,444,88,,,1786,5,15,4.12,21794.0,8272.0
2021-02-05,10045,3236417,361,126294,423,83,,,1797,11,22,3.78,23268.0,8100.0
2021-02-06,8250,3244667,352,126646,404,80,,,1802,5,7,4.34,25540.0,7971.0
2021-02-07,6196,3250863,268,126914,399,77,,,1810,8,6,4.52,27048.0,7951.0
2021-02-08,7015,3257878,220,127134,397,78,,,1815,5,2,3.31,28991.0,7906.0
2021-02-09,10888,3268766,335,127469,386,75,,,1823,8,13,3.27,32690.0,7553.0
2021-02-10,9976,3278742,348,127817,359,68,,,1831,8,16,3.6,36999.0,7434.0
2021-02-11,8418,3287160,318,128135,332,63,,,1844,13,10,3.85,42162.0,7245.0
2021-02-12,8079,3295239,301,128436,316,60,,,1851,7,26,3.85,45910.0,7167.0
2021-02-13,7984,3303223,286,128722,313,56,,,1854,3,8,3.81,49166.0,7046.0
2021-02-14,5396,3308619,244,128966,309,55,,,1857,3,4,4.63,50855.0,6995.0
2021-02-15,5239,3313858,260,129226,322,53,,,1862,5,7,5.33,51611.0,7004.0
2021-02-16,7489,3321347,286,129512,325,57,,,1867,5,10,4.07,54024.0,6784.0
2021-02-17,10302,3331649,420,129932,316,53,,,1869,2,8,4.39,56594.0,6655.0
2021-02-18,9386,3341035,331,130263,303,54,,,1875,6,7,3.7,58674.0,6692.0
2021-02-19,8398,3349433,384,130647,289,50,,,1879,4,15,4.8,61519.0,6652.0
2021-02-20,7546,3356979,327,130974,280,54,,,1880,1,19,4.52,63882.0,6621.0
2021-02-21,6074,3363053,268,131242,292,53,,,1884,4,10,4.63,66357.0,6585.0
2021-02-22,6338,3369391,277,131519,293,52,,,1889,5,19,4.48,69362.0,6518.0
2021-02-23,9485,3378876,425,131944,280,58,,,1890,1,24,4.83,73718.0,6369.0
2021-02-24,9232,3388108,404,132348,273,57,,,1893,3,21,4.57,77354.0,6411.0
2021-02-25,9226,3397334,355,132703,272,56,,,1898,5,32,4.05,80620.0,6358.0
2021-02-26,7777,3405111,413,133116,267,50,,,1903,5,32,5.54,82989.0,6382.0
2021-02-27,7523,3412634,301,133417,253,45,,,1905,2,16,4.28,85442.0,6429.0
2021-02-28,5957,3418591,287,133704,262,48,,,1908,3,35,5.1,87695.0,6470.0
2021-03-01,5870,3424461,262,133966,258,50,,,1911,3,14,4.62,88145.0,6562.0
2021-03-02,10364,3434825,400,134366,254,44,,,1915,4,34,3.94,88539.0,6521.0
2021-03-03,9498,3444323,333,134699,247,43,,,1916,1,27,3.7,89094.0,6551.0
2021-03-04,10581,3454904,408,135107,252,41,,,1918,2,38,4.07,89786.0,6524.0
2021-03-05,8149,3463053,335,135442,253,40,,,1921,3,31,4.2,90486.0,6552.0
2021-03-06,8099,3471152,306,135748,244,38,,,1924,3,47,3.93,90824.0,6563.0
2021-03-07,5493,3476645,250,135998,252,34,,,1925,1,33,4.53,90937.0,6867.0
2021-03-08,5445,3482090,250,136248,259,35,,,1930,5,36,4.74,91027.0,6553.0
2021-03-09,10419,3492509,384,136632,248,36,,,1932,2,47,3.79,91138.0,6396.0
2021-03-10,10187,3502696,405,137037,254,37,,,1937,5,73,4.13,91259.0,6391.0
2021-03-11,9921,3512617,447,137484,257,38,,,1941,4,58,4.65,91366.0,6421.0
2021-03-12,8891,3521508,426,137910,254,36,,,1946,5,67,4.99,91470.0,6481.0
2021-03-13,8353,3529861,376,138286,249,36,,,1950,4,64,4.66,91520.0,6534.0
2021-03-14,6635,3536496,364,138650,260,41,,,1954,4,76,5.73,91538.0,6643.0
2021-03-15,6030,3542526,349,138999,259,41,,,1957,3,73,6.09,91593.0,6760.0
2021-03-16,10846,3553372,507,139506,262,42,,,1958,1,113,4.91,91868.0,6728.0
2021-03-17,10957,3564329,516,140022,266,42,,,1958,0,125,4.95,92081.0,6874.0
2021-03-18,11928,3576257,669,140691,271,46,,,1961,3,198,5.78,92378.0,7041.0
2021-03-19,9993,3586250,528,141219,274,47,,,1962,1,128,5.32,92935.0,7386.0
2021-03-20,11433,3597683,544,141763,275,46,,,1965,3,157,5.02,92935.0,7579.0
2021-03-21,7559,3605242,456,142219,280,46,,,1969,4,181,6.2,93236.0,7934.0
2021-03-22,7349,3612591,481,142700,290,52,,,1973,4,173,6.89,93414.0,8144.0
2021-03-23,12853,3625444,677,143377,288,51,,,1975,2,197,5.42,93681.0,8202.0
2021-03-24,14075,3639519,762,144139,289,54,,,1977,2,253,5.51,93910.0,8507.0
2021-03-25,13346,3652865,727,144866,281,57,,,1983,6,216,5.66,94347.0,8811.0
2021-03-26,11533,3664398,655,145521,279,65,,,1987,4,259,5.84,94947.0,9056.0
2021-03-27,11985,3676383,640,146161,275,62,,,1987,0,283,5.57,95452.0,9346.0
2021-03-28,8377,3684760,540,146701,285,62,,,1990,3,250,6.71,96447.0,9681.0
2021-03-29,8101,3692861,622,147323,295,57,,,1992,2,299,7.91,97561.0,9905.0
2021-03-30,13761,3706622,895,148218,291,62,,,1995,3,446,6.66,99378.0,9962.0
2021-03-31,13645,3720267,878,149096,284,59,,,1998,3,443,6.75,101298.0,10340.0
2021-04-01,13292,3733559,1078,150174,288,61,,,1999,1,604,8.64,103926.0,10647.0
2021-04-02,12123,3745682,1065,151239,294,69,,,1999,0,608,9.03,103926.0,11728.0
2021-04-03,11204,3756886,936,152175,296,70,,,2002,3,549,8.69,103926.0,12799.0
2021-04-04,9098,3765984,867,153042,308,76,,,2003,1,502,9.85,103926.0,13747.0
2021-04-05,9179,3775163,930,153972,320,77,,,2003,0,539,10.7,116198.0,12580.0
2021-04-06,14094,3789257,1365,155337,323,78,,,2003,0,834,9.97,123272.0,12810.0
2021-04-07,15245,3804502,1414,156751,333,82,,,2006,3,834,9.61,133401.0,13466.0
2021-04-08,15655,3820157,1533,158284,342,83,,,2011,5,930,10.16,143625.0,14192.0
2021-04-09,14407,3834564,1281,159565,361,85,,,2011,0,788,9.27,154017.0,15066.0
2021-04-10,14919,3849483,1171,160736,381,91,,,2014,3,782,8.23,163532.0,15699.0
2021-04-11,12329,3861812,1096,161832,387,90,,,2019,5,701,9.38,163532.0,16306.0
2021-04-12,11988,3873800,1052,162884,399,88,,,2022,3,693,9.08,176941.0,16867.0
2021-04-13,15777,3889577,1433,164317,416,89,,,2026,4,922,9.34,186156.0,17108.0
2021-04-14,17255,3906832,1649,165966,415,85,,,2030,4,1065,9.83,194012.0,17598.0
2021-04-15,16927,3923759,1606,167572,422,89,,,2032,2,1106,9.89,202841.0,18257.0
2021-04-16,16410,3940169,1501,169073,444,90,,,2034,2,1028,9.49,202841.0,18793.0
2021-04-17,15389,3955558,1474,170547,449,98,,,2037,3,994,10.03,220472.0,19344.0
2021-04-18,12604,3968162,1355,171902,461,100,,,2040,3,923,11.06,220472.0,19975.0
2021-04-19,13195,3981357,1349,173251,487,103,,,2042,2,945,10.59,233340.0,20467.0
2021-04-20,18455,3999812,1729,174980,505,111,,,2047,5,1246,9.74,239277.0,20529.0
2021-04-21,17574,4017386,1841,176821,524,114,,,2052,5,1296,10.86,244527.0,22228.0
2021-04-22,17620,4035006,1672,178493,550,121,,,2059,7,1264,9.88,252422.0,21236.0
2021-04-23,17748,4052754,1512,180005,586,125,,,2064,5,1115,8.78,260231.0,21505.0
2021-04-24,17055,4069809,1446,181451,596,136,,,2070,6,1072,8.75,267195.0,21766.0
2021-04-25,14885,4084694,1492,182943,621,139,,,2076,6,1106,10.41,271490.0,22203.0
2021-04-26,13770,4098464,1547,184490,635,142,,,2079,3,1104,11.58,274289.0,22684.0
2021-04-27,19000,4117464,1835,186325,644,142,,,2085,6,1348,9.97,284870.0,22788.0
2021-04-28,20601,4138065,2069,188394,626,144,,,2091,6,1494,10.19,288595.0,23011.0
2021-04-29,19000,4157065,1996,190390,645,146,,,2094,3,1421,10.76,292765.0,23460.0
2021-04-30,20495,4177560,2411,192801,641,147,,,2099,5,1809,12.16,296290.0,23910.0
2021-05-01,16626,4194186,1701,194502,645,147,,,2102,3,836,10.6,299929.0,24587.0
2021-05-02,15111,4209297,1971,196473,649,145,,,2108,6,950,13.45,300755.0,25006.0
2021-05-03,14601,4223898,1792,198265,668,139,,,2113,5,603,12.51,301398.0,25698.0
2021-05-04,20544,4244442,2282,200547,654,134,,,2113,0,514,11.4,303509.0,25722.0
2021-05-05,19974,4264416,2183,202730,650,134,,,2116,3,483,11.35,305511.0,26258.0
2021-05-06,18955,4283371,1943,204673,641,136,,,2117,1,435,10.74,308027.0,26599.0
2021-05-07,18859,4302230,2050,206723,645,134,,,2120,3,441,11.22,311908.0,26966.0
2021-05-08,15535,4317765,1583,208306,649,140,,,2125,5,371,10.48,314504.0,27263.0
2021-05-09,13991,4331756,1570,209876,675,144,,,2128,3,339,11.79,316357.0,27307.0
2021-05-10,11912,4343668,1511,211387,691,151,,,2133,5,376,13.17,318841.0,27555.0
2021-05-11,17587,4361255,1813,213200,714,156,,,2135,2,375,10.67,319779.0,27117.0
2021-05-12,15295,4376550,1591,214791,704,162,,,2141,6,413,10.72,320751.0,27085.0
2021-05-13,15067,4391617,1485,216276,698,163,,,2147,6,399,10.21,322247.0,26718.0
2021-05-14,12963,4404580,1238,217514,675,166,,,2150,3,315,9.8,325409.0,26010.0
2021-05-15,11885,4416465,1132,218646,651,173,,,2153,3,355,9.81,327063.0,25133.0
2021-05-16,7011,4423476,718,219364,660,169,,,2157,4,243,10.47,328414.0,24423.0
2021-05-17,8103,4431579,918,220282,680,174,,,2162,5,364,11.64,329613.0,23436.0
2021-05-18,10422,4442001,955,221237,673,175,,,2166,4,276,9.34,330602.0,22165.0
2021-05-19,9064,4451065,829,222066,662,168,,,2168,2,281,9.52,332276.0,20971.0
2021-05-20,10178,4461243,756,222822,635,166,,,2173,5,290,7.83,335482.0,19837.0
2021-05-21,9541,4470784,635,223457,609,154,,,2181,8,269,6.95,341610.0,18741.0
2021-05-22,6960,4477744,552,224009,578,152,,,2188,7,199,8.2,347008.0,17672.0
2021-05-23,5096,4482840,447,224456,567,152,,,2196,8,182,9.01,351541.0,16709.0
2021-05-24,4015,4486855,388,224844,560,150,,,2202,6,206,10.21,353292.0,15791.0
2021-05-25,5989,4492844,407,225251,538,147,,,2206,4,209,7.16,354462.0,14270.0
2021-05-26,9032,4501876,540,225791,528,143,,,2208,2,437,6.2,357963.0,13151.0
2021-05-27,7711,4509587,537,226328,508,141,,,2215,7,418,7.03,363926.0,12216.0
2021-05-28,6893,4516480,409,226737,472,134,,,2220,5,295,6.12,372151.0,11483.0
2021-05-29,6593,4523073,397,227134,441,132,,,2223,3,313,6.16,381015.0,10688.0
2021-05-30,4413,4527486,259,227393,437,125,,,2227,4,203,5.98,388200.0,10292.0
2021-05-31,4120,4531606,213,227606,436,119,,,2229,2,166,5.53,391175.0,9873.0
2021-06-01,8361,4539967,430,228036,435,117,,,2232,3,347,5.76,397209.0,8999.0
2021-06-02,6811,4546778,309,228345,407,115,,,2243,11,248,4.62,406712.0,8536.0
2021-06-03,5815,4552593,241,228586,375,105,,,2245,2,183,4.04,429489.0,8067.0
2021-06-04,6873,4559466,298,228884,367,99,,,2246,1,245,4.79,466269.0,7658.0
2021-06-05,5337,4564803,232,229116,362,92,,,2247,1,184,4.57,502833.0,7317.0
2021-06-06,4026,4568829,159,229275,351,91,,,2251,4,122,3.95,529502.0,7130.0
2021-06-07,3444,4572273,141,229416,338,83,,,2254,3,105,4.21,545853.0,6955.0
2021-06-08,8549,4580822,319,229735,332,81,,,2256,2,262,3.9,573211.0,6682.0
2021-06-09,5492,4586314,171,229906,309,80,,,2261,5,121,3.15,598139.0,6460.0
2021-06-10,6678,4592992,178,230084,297,76,,,2266,5,126,2.8,634774.0,6072.0
2021-06-11,5476,4598468,176,230260,289,71,,,2267,1,138,3.29,678541.0,5794.0
2021-06-12,5803,4604271,163,230423,271,72,,,2269,2,122,2.91,729137.0,5516.0
2021-06-13,3323,4607594,129,230552,271,70,,,2273,4,95,4.0,767586.0,5450.0
2021-06-14,4482,4612076,129,230681,272,65,,,2278,5,94,3.06,792356.0,5359.0
2021-06-15,6708,4618784,145,230826,258,64,,,2282,4,108,2.16,836613.0,5078.0
2021-06-16,6047,4624831,141,230967,244,56,,,2282,0,106,2.45,878594.0,4917.0
2021-06-17,5578,4630409,119,231086,240,55,,,2289,7,84,2.19,922276.0,4751.0
2021-06-18,5059,4635468,123,231209,225,46,,,2290,1,79,2.51,983186.0,4619.0
2021-06-19,4877,4640345,86,231295,215,49,,,2290,0,54,1.76,1040740.0,4459.0
2021-06-20,2837,4643182,53,231348,216,53,,,2293,3,41,1.9,1087769.0,4417.0
2021-06-21,5017,4648199,67,231415,205,52,,,2293,0,52,1.34,1113341.0,4295.0
2021-06-22,6335,4654534,100,231515,201,52,,,2293,0,72,1.63,1156974.0,4063.0
2021-06-23,5722,4660256,80,231595,193,48,,,2293,0,44,1.45,1200866.0,3968.0
2021-06-24,7074,4667330,93,231688,183,44,,,2294,1,60,1.46,1255174.0,3873.0
2021-06-25,6086,4673416,77,231765,182,43,,,2296,2,49,1.38,1307433.0,3954.0
2021-06-26,4587,4678003,45,231810,173,38,,,2297,1,33,0.98,1307433.0,4018.0
2021-06-27,4488,4682491,40,231850,178,36,,,2300,3,30,0.85,1307433.0,4051.0
2021-06-28,3452,4685943,56,231906,169,34,,,2301,1,32,1.54,1468958.0,3556.0
2021-06-29,6333,4692276,75,231981,162,32,,,2301,0,51,1.12,1532375.0,3431.0
2021-06-30,5248,4697524,60,232041,151,33,,,2301,0,39,1.28,1593400.0,3356.0
2021-07-01,5492,4703016,36,232077,141,31,,,2304,3,27,0.69,1593400.0,3423.0
2021-07-02,3931,4706947,34,232111,137,29,,,2304,0,26,1.04,1685067.0,3196.0
2021-07-03,4208,4711155,52,232163,134,29,,,2304,0,32,1.26,1685067.0,3238.0
2021-07-04,4268,4715423,39,232202,132,31,,,2305,1,19,0.94,1685067.0,3291.0
2021-07-05,4419,4719842,36,232238,135,30,,,2305,0,25,0.79,1819268.0,3134.0
2021-07-06,6162,4726004,57,232295,137,28,,,2306,1,36,0.88,1865718.0,3068.0
2021-07-07,5898,4731902,49,232344,127,29,,,2306,0,34,0.86,1905400.0,3052.0
2021-07-08,7316,4739218,57,232401,122,32,,,2306,0,29,0.78,1954653.0,3004.0
2021-07-09,5841,4745059,35,232436,113,33,,,2306,0,19,0.6,1998692.0,2982.0
2021-07-10,6021,4751080,31,232467,113,31,,,2306,0,13,0.5,1998692.0,3013.0
2021-07-11,4012,4755092,30,232497,107,32,,,2309,3,16,0.75,1998692.0,3042.0
2021-07-12,4994,4760086,32,232529,107,31,,,2309,0,12,0.7,2079950.0,2931.0
2021-07-13,6858,4766944,34,232563,107,31,,,2310,1,21,0.52,2102718.0,2909.0
2021-07-14,6214,4773158,49,232612,102,29,,,2312,2,30,0.8,2124395.0,2880.0
2021-07-15,6371,4779529,52,232664,105,26,,,2313,1,29,0.89,2147810.0,2890.0
2021-07-16,5513,4785042,51,232715,103,26,,,2314,1,31,0.94,2177629.0,2893.0
2021-07-17,5355,4790397,40,232755,100,26,,,2315,1,25,0.82,2177629.0,2940.0
2021-07-18,4347,4794744,41,232796,98,26,,,2315,0,32,1.01,2177629.0,2985.0
2021-07-19,5008,4799752,61,232857,95,26,,,2315,0,38,1.22,2244169.0,2921.0
2021-07-20,6483,4806235,89,232946,93,26,,,2317,2,65,1.47,2263438.0,2924.0
2021-07-21,6626,4812861,96,233042,90,26,,,2319,2,76,1.45,2281420.0,2967.0
2021-07-22,7621,4820482,167,233209,83,26,,,2319,0,150,2.27,2305939.0,2996.0
2021-07-23,6082,4826564,145,233354,84,23,,,2320,1,117,2.48,2331079.0,3121.0
2021-07-24,6291,4832855,138,233492,80,22,,,2320,0,123,2.19,2331079.0,3272.0
2021-07-25,5371,4838226,92,233584,81,21,,,2320,0,79,1.77,2331079.0,3414.0
2021-07-26,5428,4843654,134,233718,83,21,,,2321,1,111,2.54,2385526.0,3405.0
2021-07-27,7131,4850785,205,233923,84,18,,,2321,0,180,2.94,2401836.0,3498.0
2021-07-28,7864,4858649,222,234145,88,20,,,2323,2,190,2.9,2416999.0,3659.0
2021-07-29,8291,4866940,196,234341,89,19,,,2323,0,162,2.48,2430961.0,3845.0
2021-07-30,6701,4873641,231,234572,92,18,,,2324,1,214,3.69,2444290.0,3983.0
2021-07-31,6027,4879668,223,234795,91,17,,,2324,0,198,3.83,2444290.0,4223.0
2021-08-01,4392,4884060,143,234938,90,20,,,2324,0,134,3.39,2444290.0,4453.0
2021-08-02,4478,4888538,123,235061,89,22,,,2324,0,105,2.79,2444290.0,4600.0
2021-08-03,5434,4893972,203,235264,95,22,,,2324,0,187,3.9,2473169.0,4504.0
2021-08-04,7475,4901447,394,235658,100,23,,,2325,1,358,5.55,2482401.0,4610.0
2021-08-05,7299,4908746,365,236023,109,25,,,2327,2,328,5.25,2490236.0,4855.0
2021-08-06,7801,4916547,391,236414,116,25,,,2329,2,345,5.19,2497933.0,5044.0
2021-08-07,7708,4924255,376,236790,114,23,,,2329,0,337,5.11,2497933.0,5442.0
2021-08-08,4472,4928727,240,237030,126,26,,,2330,1,211,5.59,2497933.0,5817.0
2021-08-09,5446,4934173,285,237315,132,28,,,2330,0,253,5.6,2516133.0,5708.0
2021-08-10,8640,4942813,504,237819,141,30,,,2330,0,461,6.22,2522111.0,5793.0
2021-08-11,8607,4951420,547,238366,155,37,,,2330,0,480,6.66,2527502.0,6100.0
2021-08-12,9314,4960734,581,238947,158,37,,,2330,0,517,6.3,2533686.0,6432.0
2021-08-13,8016,4968750,567,239514,160,38,,,2332,2,521,7.32,2539474.0,6770.0
2021-08-14,7153,4975903,449,239963,155,42,,,2332,0,407,6.36,2539474.0,7334.0
2021-08-15,5331,4981234,389,240352,167,42,,,2334,2,365,7.52,2539474.0,7785.0
2021-08-16,5495,4986729,409,240761,179,43,,,2334,0,352,7.88,2553209.0,7687.0
2021-08-17,9230,4995959,691,241452,185,45,,,2336,2,616,7.83,2558550.0,7963.0
2021-08-18,10008,5005967,810,242262,201,41,,,2341,5,742,8.56,2563427.0,8271.0
2021-08-19,9034,5015001,740,243002,222,44,,,2343,2,678,8.61,2569991.0,8709.0
2021-08-20,8977,5023978,811,243813,239,45,,,2344,1,739,9.49,2574709.0,9052.0
2021-08-21,8423,5032401,679,244492,235,46,,,2346,2,609,8.42,2574709.0,9873.0
2021-08-22,5618,5038019,470,244962,248,51,,,2350,4,438,9.02,2574709.0,10551.0
2021-08-23,6028,5044047,641,245603,266,55,,,2355,5,571,11.1,2586927.0,10125.0
2021-08-24,11789,5055836,1077,246680,291,56,,,2359,4,984,9.62,2591905.0,10286.0
2021-08-25,10601,5066437,1102,247782,310,61,,,2360,1,951,10.8,2596749.0,10852.0
2021-08-26,11591,5078028,1172,248954,336,71,,,2364,4,1058,10.46,2601995.0,11426.0
2021-08-27,11448,5089476,1226,250180,359,82,,,2368,4,1110,11.22,2606944.0,12019.0
2021-08-28,9543,5099019,957,251137,382,82,,,2372,4,858,10.32,2606944.0,13250.0
2021-08-29,8356,5107375,867,252004,405,92,,,2375,3,793,10.7,2606944.0,14210.0
2021-08-30,7514,5114889,917,252921,439,101,,,2382,7,844,12.74,2621121.0,13797.0
2021-08-31,12171,5127060,1341,254262,475,102,,,2388,6,1192,11.33,2625549.0,14035.0
2021-09-01,12473,5139533,1338,255600,494,110,,,2391,3,1232,11.14,2629789.0,14673.0
2021-09-02,12628,5152161,1414,257014,532,113,,,2396,5,1277,11.8,2634271.0,15256.0
2021-09-03,10477,5162638,1310,258324,557,122,,,2404,8,1174,13.09,2639184.0,15885.0
2021-09-04,12867,5175505,1449,259773,571,127,,,2414,10,1335,11.56,2639184.0,17215.0
2021-09-05,7526,5183031,811,260584,586,133,,,2424,10,739,11.27,2639184.0,18665.0
2021-09-06,10453,5193484,1296,261880,614,136,,,2433,9,1190,12.96,2639184.0,19485.0
2021-09-07,10777,5204261,1219,263099,664,143,,,2440,7,1070,11.8,2654121.0,17893.0
2021-09-08,13851,5218112,1498,264597,684,147,,,2447,7,1342,11.27,2657735.0,18043.0
2021-09-09,13681,5231793,1475,266072,699,163,,,2457,10,1261,11.22,2661123.0,18411.0
2021-09-10,14591,5246384,1649,267721,750,175,,,2466,9,882,11.77,2664986.0,18709.0
2021-09-11,12218,5258602,1492,269213,767,178,,,2471,5,922,12.42,2664986.0,20368.0
2021-09-12,13372,5271974,1592,270805,812,190,,,2482,11,607,12.21,2664986.0,21865.0
2021-09-13,11942,5283916,1413,272218,835,205,,,2495,13,486,12.4,2676327.0,20857.0
2021-09-14,15896,5299812,1630,273848,883,211,,,2507,12,657,10.77,2680933.0,20736.0
2021-09-15,16432,5316244,1726,275574,905,215,,,2523,16,703,10.92,2685062.0,20916.0
2021-09-16,17394,5333638,2003,277577,923,212,,,2537,14,717,11.92,2689686.0,21211.0
2021-09-17,16431,5350069,1595,279172,926,208,,,2552,15,698,10.14,2699191.0,21724.0
2021-09-18,16561,5366630,1589,280761,936,199,,,2567,15,694,9.94,2699191.0,23329.0
2021-09-19,13449,5380079,1434,282195,963,215,,,2584,17,591,11.13,2699191.0,24921.0
2021-09-20,13723,5393802,1519,283714,1000,219,,,2598,14,578,11.63,2720223.0,23159.0
2021-09-21,14584,5408386,1312,285026,1035,230,,,2617,19,643,9.37,2738846.0,23491.0
2021-09-22,17999,5426385,1686,286712,1052,227,,,2627,10,724,9.75,2746141.0,22898.0
2021-09-23,16952,5443337,1670,288382,1068,239,,,2638,11,718,10.26,2753156.0,22791.0
2021-09-24,15935,5459272,1873,290255,1068,241,,,2655,17,741,12.19,2760404.0,22662.0
2021-09-25,14885,5474157,1525,291780,1044,246,,,2670,15,558,10.61,2760404.0,24544.0
2021-09-26,15085,5489242,1755,293535,1071,250,,,2688,18,663,12.03,2760404.0,26085.0
2021-09-27,11182,5500424,1271,294806,1104,244,,,2700,12,544,11.74,2777622.0,23952.0
2021-09-28,15081,5515505,1704,296510,1076,251,,,2715,15,581,11.67,2783275.0,23176.0
2021-09-29,17650,5533155,1721,298231,1077,247,,,2733,18,760,10.18,2788778.0,23003.0
2021-09-30,15894,5549049,1649,299880,1059,249,,,2746,13,626,10.73,2795057.0,22972.0
2021-10-01,14548,5563597,1606,301486,1055,245,,,2759,13,669,11.38,2801282.0,22946.0
2021-10-02,14348,5577945,1285,302771,1080,241,,,2785,26,512,9.37,2801282.0,24575.0
2021-10-03,10446,5588391,1129,303900,1072,240,,,2798,13,441,11.2,2801282.0,25857.0
2021-10-04,8043,5596434,696,304596,1090,233,,,2813,15,393,9.06,2816254.0,23426.0
2021-10-05,15432,5611866,1262,305858,1088,230,,,2822,9,595,8.46,2824317.0,22233.0
2021-10-06,15642,5627508,1245,307103,1084,234,,,2834,12,633,8.34,2829302.0,21716.0
2021-10-07,14779,5642287,1267,308370,1076,236,,,2851,17,602,8.93,2834607.0,21225.0
2021-10-08,13998,5656285,1086,309456,1049,238,,,2865,14,510,8.03,2840719.0,20669.0
2021-10-09,11652,5667937,1041,310497,1014,224,,,2879,14,450,9.29,2840719.0,21754.0
2021-10-10,7745,5675682,637,311134,1044,226,,,2900,21,339,8.74,2840719.0,22793.0
2021-10-11,7368,5683050,602,311736,1039,222,,,2921,21,261,8.59,2840719.0,23421.0
2021-10-12,8651,5691701,652,312388,1022,217,,,2934,13,284,7.93,2859926.0,18158.0
2021-10-13,12754,5704455,930,313318,1005,215,,,2947,13,437,7.61,2867833.0,17119.0
2021-10-14,14079,5718534,1044,314362,989,212,,,2960,13,506,7.67,2876419.0,16353.0
2021-10-15,11647,5730181,772,315134,979,208,,,2977,17,381,6.97,2886025.0,15924.0
2021-10-16,11450,5741631,795,315929,957,202,,,2984,7,403,7.08,2886025.0,16707.0
2021-10-17,7184,5748815,608,316537,963,211,,,2994,10,274,8.76,2886025.0,17498.0
2021-10-18,8045,5756860,531,317068,952,204,,,3006,12,311,6.86,2910456.0,15278.0
2021-10-19,12133,5768993,807,317875,924,195,,,3016,10,437,6.83,2919408.0,14390.0
2021-10-20,11912,5780905,773,318648,898,189,,,3026,10,364,6.72,2928786.0,13830.0
2021-10-21,10750,5791655,666,319314,879,182,,,3032,6,321,6.23,2937047.0,13448.0
2021-10-22,10806,5802461,704,320018,847,181,,,3042,10,323,6.75,2945712.0,13063.0
2021-10-23,8704,5811165,522,320540,816,184,,,3055,13,267,6.19,2945712.0,13772.0
2021-10-24,6436,5817601,366,320906,813,170,,,3065,10,179,6.04,2945712.0,14287.0
2021-10-25,7798,5825399,458,321364,825,168,,,3073,8,242,6.09,2968615.0,12532.0
2021-10-26,11371,5836770,626,321990,799,167,,,3079,6,322,5.71,2978112.0,12330.0
2021-10-27,10291,5847061,541,322531,771,168,,,3092,13,269,5.47,2986013.0,11806.0
2021-10-28,10515,5857576,607,323138,756,162,,,3098,6,278,6.05,2993634.0,11472.0
2021-10-29,9399,5866975,530,323668,730,154,,,3107,9,286,5.95,3001199.0,11251.0
2021-10-30,8254,5875229,339,324007,692,147,,,3118,11,165,4.16,3001199.0,11784.0
2021-10-31,6725,5881954,341,324348,683,144,,,3123,5,155,5.25,3001199.0,12119.0
2021-11-01,7547,5889501,326,324674,685,148,,,3128,5,161,4.56,3019438.0,10691.0
2021-11-02,10363,5899864,489,325163,684,139,,,3134,6,261,4.97,3019438.0,10030.0
2021-11-03,12411,5912275,540,325703,665,133,,,3138,4,270,4.57,3031345.0,9826.0
2021-11-04,11509,5923784,468,326171,649,130,,,3143,5,218,4.24,3036907.0,9652.0
2021-11-05,11493,5935277,590,326761,648,127,,,3148,5,279,5.22,3042368.0,9528.0
2021-11-06,8973,5944250,433,327194,620,128,,,3156,8,211,4.98,3042368.0,10114.0
2021-11-07,5521,5949771,287,327481,597,123,,,3160,4,143,5.22,3042368.0,10544.0
2021-11-08,8341,5958112,426,327907,599,119,,,3167,7,190,5.25,3055861.0,9542.0
2021-11-09,11179,5969291,500,328407,575,115,,,3172,5,209,4.6,3062147.0,9249.0
2021-11-10,11593,5980884,468,328875,559,104,,,3178,6,229,4.16,3066646.0,9172.0
2021-11-11,8849,5989733,376,329251,544,98,,,3185,7,169,4.38,3066646.0,9642.0
2021-11-12,7982,5997715,435,329686,534,95,,,3186,1,194,5.78,3075466.0,8916.0
2021-11-13,7150,6004865,357,330043,519,92,,,3195,9,136,5.08,3075466.0,9345.0
2021-11-14,6688,6011553,289,330332,511,91,,,3200,5,143,4.53,3075466.0,9698.0
2021-11-15,6428,6017981,321,330653,515,92,,,3204,4,175,5.13,3089894.0,9016.0
2021-11-16,9745,6027726,416,331069,508,90,,,3206,2,183,4.39,3095778.0,8766.0
2021-11-17,8968,6036694,388,331457,500,83,,,3208,2,200,4.46,3100742.0,8725.0
2021-11-18,8688,6045382,417,331874,486,82,,,3212,4,204,4.98,3111427.0,8593.0
2021-11-19,9454,6054836,472,332346,474,85,,,3217,5,215,5.2,3115782.0,8504.0
2021-11-20,7621,6062457,379,332725,454,80,,,3219,2,175,5.2,3115782.0,8974.0
2021-11-21,4839,6067296,270,332995,460,85,,,3227,8,137,5.93,3115782.0,9360.0
2021-11-22,5326,6072622,271,333266,469,83,,,3229,2,144,5.43,3127299.0,8528.0
2021-11-23,10437,6083059,473,333739,463,84,,,3230,1,321,4.67,3131850.0,8228.0
2021-11-24,9618,6092677,397,334136,454,85,,,3233,3,341,4.29,3133660.0,8264.0
2021-11-25,8714,6101391,363,334499,454,78,,,3237,4,319,4.3,3139789.0,8201.0
2021-11-26,7489,6108880,323,334822,450,72,,,3242,5,274,4.65,3143861.0,8252.0
2021-11-27,6631,6115511,251,335073,435,68,,,3244,2,224,3.92,3143861.0,8577.0
2021-11-28,5058,6120569,231,335304,428,68,,,3248,4,194,4.82,3143861.0,8830.0
2021-11-29,5358,6125927,231,335535,432,71,,,3253,5,195,4.4,3152497.0,8092.0
2021-11-30,10767,6136694,433,335968,417,71,,,3256,3,399,4.14,3152894.0,7793.0
2021-12-01,9473,6146167,364,336332,413,69,,,3258,2,320,3.96,3161395.0,7874.0
2021-12-02,9705,6155872,342,336674,389,66,,,3261,3,303,3.61,3164417.0,7796.0
2021-12-03,8424,6164296,347,337021,381,62,,,3263,2,319,4.27,3163881.0,7698.0
2021-12-04,6957,6171253,247,337268,373,62,,,3266,3,225,3.61,3163881.0,7698.0
2021-12-05,5141,6176394,184,337452,384,66,,,3270,4,165,3.75,3163881.0,7698.0
2021-12-06,5491,6181885,234,337686,389,67,,,3272,2,206,4.46,3170483.0,7637.0
2021-12-07,10715,6192600,384,338070,381,60,,,3272,0,345,3.75,3173052.0,7373.0
2021-12-08,10056,6202656,354,338424,375,62,,,3273,1,320,3.68,3179397.0,7412.0
2021-12-09,9204,6211860,344,338768,376,64,,,3274,1,303,3.81,3177594.0,7365.0
2021-12-10,8538,6220398,312,339080,385,64,,,3276,2,277,3.87,3184238.0,7331.0
2021-12-11,6495,6226893,259,339339,370,62,,,3278,2,233,4.23,3184238.0,7704.0
2021-12-12,5765,6232658,201,339540,366,63,,,3279,1,177,3.82,3184238.0,7992.0
2021-12-13,6433,6239091,276,339816,377,64,,,3280,1,241,4.57,3189994.0,7457.0
2021-12-14,10116,6249207,444,340260,372,66,,,3284,4,381,4.63,3192330.0,7299.0
2021-12-15,9604,6258811,467,340727,362,63,,,3285,1,402,5.05,3195968.0,7368.0
2021-12-16,9712,6268523,546,341273,351,61,,,3287,2,502,5.82,3193650.0,7497.0
2021-12-17,10056,6278579,619,341892,341,60,,,3290,3,569,6.32,3195552.0,7717.0
2021-12-18,8711,6287290,710,342602,324,65,,,3293,3,641,8.33,3195552.0,8344.0
2021-12-19,6507,6293797,563,343165,331,63,,,3294,1,493,8.82,3195552.0,9065.0
2021-12-20,7305,6301102,790,343955,339,65,,,3296,2,718,11.02,3205333.0,8944.0
2021-12-21,11544,6312646,1354,345309,338,64,,,3298,2,1196,12.01,3202741.0,9339.0
2021-12-22,11893,6324539,1573,346882,332,63,,,3300,2,1423,13.55,3209368.0,10364.0
2021-12-23,11554,6336093,1969,348851,337,62,,,3302,2,1551,17.28,3211241.0,11658.0
2021-12-24,11465,6347558,2450,351301,325,57,,,3303,1,548,21.6,3211241.0,13668.0
2021-12-25,7238,6354796,1571,352872,322,54,,,3303,0,231,22.08,3211241.0,16152.0
2021-12-26,4074,6358870,687,353559,329,53,,,3306,3,239,17.45,3211241.0,17720.0
2021-12-27,6472,6365342,1377,354936,350,55,,,3309,3,334,21.72,3211241.0,18406.0
2021-12-28,9405,6374747,2769,357705,376,50,,,3312,3,532,29.92,3211241.0,19801.0
2021-12-29,13257,6388004,3969,361674,397,51,,,3314,2,692,30.41,3212007.0,20706.0
2021-12-30,13399,6401403,4346,366020,424,51,,,3317,3,756,32.92,3212007.0,24878.0
2021-12-31,12794,6414197,4337,370357,424,51,,,3318,1,996,34.6,3212007.0,29492.0
2022-01-01,9487,6423684,3197,373554,436,54,,,3321,3,736,34.49,3212007.0,34062.0
2022-01-02,7117,6430801,1957,375511,465,56,,,3325,4,734,28.27,3212007.0,37385.0
2022-01-03,8283,6439084,2935,378446,482,54,,,3329,4,795,36.29,3212007.0,39444.0
2022-01-04,12780,6451864,4681,383127,539,60,,,3332,3,1135,37.24,3218524.0,37598.0
2022-01-05,12380,6464244,4754,387881,566,65,,,3335,3,1307,39.18,3220009.0,40529.0
2022-01-06,16289,6480533,6125,394006,600,67,,,3339,4,1560,38.38,3227007.0,43233.0
2022-01-07,15105,6495638,6115,400121,667,72,,,3344,5,1315,41.58,3223444.0,46752.0
2022-01-08,16364,6512002,6149,406270,688,77,,,3348,4,1557,38.63,3223444.0,52913.0
2022-01-09,13976,6525978,5310,411580,733,76,,,3353,5,1337,38.97,3223444.0,59048.0
2022-01-10,12276,6538254,4624,416204,794,81,,,3363,10,1308,38.79,3233655.0,60676.0
2022-01-11,17918,6556172,6763,422967,829,84,,,3372,9,2318,38.67,3235682.0,61965.0
2022-01-12,14498,6570670,5851,428818,866,80,,,3381,9,1542,41.5,3237812.0,64596.0
2022-01-13,16712,6587382,6235,435053,918,82,,,3393,12,2018,38.31,3240077.0,66108.0
2022-01-14,16245,6603627,6095,441148,975,83,,,3402,9,1993,38.67,3242357.0,67509.0
2022-01-15,15440,6619067,5345,446493,1001,92,,,3407,5,1712,35.63,3242357.0,73802.0
2022-01-16,11237,6630304,4133,450626,1078,99,,,3416,9,1405,37.95,3242357.0,79209.0
2022-01-17,9097,6639401,3515,454141,1164,104,,,3426,10,1953,39.25,3248218.0,75771.0
2022-01-18,10135,6649536,3772,457913,1183,111,,,3435,9,1711,38.33,3248218.0,73635.0
2022-01-19,11122,6660658,3630,461543,1224,113,,,3442,7,1551,33.53,3246296.0,70947.0
2022-01-20,10668,6671326,3682,465225,1286,110,,,3457,15,1752,35.78,3240167.0,67940.0
2022-01-21,10407,6681733,3873,469098,1331,107,,,3476,19,1959,38.45,3248574.0,65044.0
2022-01-22,7934,6689667,2616,471714,1344,107,,,3488,12,1335,34.18,3248574.0,69113.0
2022-01-23,4771,6694438,1686,473400,1405,111,,,3501,13,991,36.89,3248574.0,71746.0
2022-01-24,6791,6701229,2841,476241,1484,113,,,3517,16,1323,43.37,3242421.0,59155.0
2022-01-25,9044,6710273,3343,479584,1521,110,,,3528,11,1740,37.72,3262502.0,54640.0
2022-01-26,9404,6719677,3231,482815,1575,109,,,3541,13,1704,34.93,3267140.0,51248.0
2022-01-27,8740,6728417,3074,485889,1578,107,,,3553,12,1623,36.44,3271205.0,47819.0
2022-01-28,8473,6736890,2946,488835,1582,105,,,3567,14,1486,35.78,3275269.0,44831.0
2022-01-29,5919,6742809,1823,490658,1552,103,,,3578,11,1101,32.32,3275269.0,44831.0
2022-01-30,5080,6747889,1733,492391,1582,103,,,3594,16,1058,35.51,3275269.0,44831.0
2022-01-31,5053,6752942,2015,494406,1656,111,,,3610,16,938,40.59,3282023.0,41034.0
2022-02-01,7688,6760630,3037,497443,1668,107,754.0,62.0,3621,11,1411,40.26,3285733.0,38901.0
2022-02-02,7372,6768002,2474,499917,1648,114,757.0,70.0,3639,18,1330,34.54,3295601.0,38470.0
2022-02-03,6274,6774276,2089,502006,1641,122,759.0,80.0,3658,19,1171,34.09,3292061.0,37487.0
2022-02-04,6449,6780725,2023,504029,1624,122,752.0,81.0,3670,12,1015,32.14,3295207.0,36345.0
2022-02-05,4794,6785519,1374,505403,1575,117,733.0,82.0,3684,14,842,29.85,3295207.0,36345.0
2022-02-06,3594,6789113,1121,506524,1612,119,764.0,87.0,3698,14,647,32.58,3295207.0,36345.0
2022-02-07,4295,6793408,1538,508062,1678,130,817.0,92.0,3707,9,720,36.74,3312789.0,33767.0
2022-02-08,5789,6799197,1799,509861,1663,135,823.0,97.0,3720,13,836,32.22,3308279.0,31951.0
2022-02-09,5014,6804211,1466,511327,1637,128,801.0,93.0,3739,19,752,29.62,3310942.0,30592.0
2022-02-10,4794,6809005,1403,512730,1604,127,797.0,92.0,3754,15,774,30.35,3313657.0,29057.0
2022-02-11,4352,6813357,1106,513836,1591,119,796.0,91.0,3767,13,583,25.21,3322760.0,27895.0
2022-02-12,3474,6816831,851,514687,1550,122,784.0,91.0,3780,13,431,25.07,3322760.0,27895.0
2022-02-13,2449,6819280,634,515321,1560,122,793.0,87.0,3791,11,331,27.11,3322760.0,27895.0
2022-02-14,2527,6821807,858,516179,1578,123,819.0,90.0,3799,8,404,34.55,3328481.0,24641.0
2022-02-15,4144,6825951,1048,517227,1547,121,803.0,88.0,3816,17,530,24.93,3325513.0,22840.0
2022-02-16,4081,6830032,960,518187,1526,116,791.0,83.0,3824,8,542,24.19,3333975.0,21478.0
2022-02-17,3793,6833825,799,518986,1530,118,783.0,86.0,3838,14,409,21.99,3336151.0,20373.0
2022-02-18,3417,6837242,739,519725,1490,121,764.0,89.0,3846,8,403,22.62,3338611.0,19214.0
2022-02-19,2591,6839833,472,520197,1425,108,741.0,83.0,3854,8,238,19.72,3338611.0,19214.0
2022-02-20,1985,6841818,465,520662,1415,96,738.0,75.0,3866,12,248,24.69,3338611.0,19214.0
2022-02-21,2008,6843826,454,521116,1416,94,737.0,73.0,3875,9,250,24.85,3338611.0,19214.0
2022-02-22,2794,6846620,752,521868,1400,92,729.0,69.0,3879,4,341,27.06,3336814.0,19214.0
2022-02-23,3458,6850078,737,522605,1381,92,714.0,71.0,3890,11,487,22.12,3346834.0,15072.0
2022-02-24,3189,6853267,657,523262,1324,88,660.0,70.0,3896,6,445,21.42,3341626.0,14511.0
2022-02-25,3119,6856386,599,523861,1313,77,663.0,63.0,3908,12,399,19.14,3349593.0,14010.0
2022-02-26,2460,6858846,465,524326,1250,75,637.0,59.0,3916,8,347,19.88,3349593.0,14010.0
2022-02-27,1847,6860693,376,524702,1257,81,643.0,63.0,3925,9,255,21.33,3349593.0,14010.0
2022-02-28,2076,6862769,518,525220,1278,81,646.0,62.0,3932,7,335,25.53,3354286.0,13100.0
2022-03-01,2946,6865715,548,525768,1263,82,648.0,60.0,3937,5,390,19.42,3348357.0,13100.0
2022-03-02,2863,6868578,638,526406,1235,78,634.0,59.0,3949,12,458,21.94,3356142.0,12103.0
2022-03-03,2532,6871110,493,526899,1201,75,619.0,58.0,3957,8,357,20.34,3350197.0,11891.0
2022-03-04,2458,6873568,424,527323,1183,74,609.0,56.0,3967,10,279,17.86,3358164.0,11600.0
2022-03-05,2179,6875747,397,527720,1120,73,569.0,58.0,3970,3,327,19.0,3358164.0,11600.0
2022-03-06,1573,6877320,284,528004,1131,75,567.0,59.0,3978,8,214,19.33,3358164.0,11600.0
2022-03-07,2210,6879530,472,528476,1137,75,571.0,57.0,3980,2,299,20.77,3361907.0,11130.0
2022-03-08,3085,6882615,539,529015,1122,77,559.0,58.0,3984,4,416,18.09,3362684.0,11128.0
2022-03-09,3097,6885712,580,529595,1101,76,542.0,58.0,3992,8,416,21.02,3363562.0,10864.0
2022-03-10,2540,6888252,471,530066,1089,75,542.0,59.0,3997,5,328,19.49,3358378.0,10681.0
2022-03-11,2298,6890550,503,530569,1066,77,536.0,64.0,4001,4,370,22.41,3358378.0,10548.0
2022-03-12,2502,6893052,395,530964,1018,75,508.0,63.0,4006,5,287,16.87,3358378.0,10548.0
2022-03-13,1986,6895038,438,531402,1014,72,503.0,60.0,4010,4,336,23.11,3358378.0,10548.0
2022-03-14,1862,6896900,476,531878,1025,69,511.0,58.0,4014,4,295,26.32,3361575.0,10661.0
2022-03-15,3186,6900086,578,532456,1012,68,510.0,55.0,4017,3,432,18.58,3362367.0,10447.0
2022-03-16,2751,6902837,568,533024,996,64,502.0,49.0,4019,2,418,21.56,3363095.0,10462.0
2022-03-17,2950,6905787,605,533629,996,59,505.0,45.0,4022,3,419,20.68,3363849.0,10571.0
2022-03-18,2576,6908363,564,534193,975,56,482.0,40.0,4030,8,436,22.59,3364574.0,10606.0
2022-03-19,2433,6910796,479,534672,946,55,477.0,41.0,4036,6,409,20.84,3364574.0,10606.0
2022-03-20,1491,6912287,343,535015,969,56,495.0,45.0,4041,5,298,24.48,3364574.0,10606.0
2022-03-21,1860,6914147,485,535500,988,54,506.0,44.0,4049,8,413,27.69,3364574.0,10606.0
2022-03-22,3217,6917364,769,536269,977,57,491.0,48.0,4051,2,616,24.9,3364574.0,10606.0
2022-03-23,3171,6920535,740,537009,961,58,488.0,50.0,4055,4,604,24.94,3368383.0,12487.0
2022-03-24,3492,6924027,821,537830,967,50,498.0,44.0,4057,2,637,23.2,3368383.0,12487.0
2022-03-25,2785,6926812,691,538521,960,50,490.0,43.0,4062,5,550,26.21,3368383.0,12487.0
2022-03-26,2505,6929317,529,539050,932,43,473.0,36.0,4066,4,459,21.88,3368383.0,12487.0
2022-03-27,1777,6931094,459,539509,954,45,499.0,37.0,4070,4,399,27.52,3368383.0,12487.0
2022-03-28,2210,6933304,570,540079,1007,44,531.0,37.0,4077,7,446,26.11,3368383.0,12487.0
2022-03-29,3472,6936776,873,540952,997,44,525.0,37.0,4081,4,758,26.18,3368383.0,12487.0
2022-03-30,3460,6940236,867,541819,994,43,526.0,36.0,4084,3,738,25.9,3381375.0,17054.0
2022-03-31,3529,6943765,909,542728,975,37,516.0,31.0,4088,4,820,26.78,3381375.0,17054.0
2022-04-01,3619,6947384,859,543587,957,38,502.0,32.0,4094,6,668,24.34,3381375.0,17054.0
2022-04-02,2825,6950209,664,544251,944,39,500.0,32.0,4098,4,559,24.53,3381375.0,17054.0
2022-04-03,1955,6952164,520,544771,982,39,526.0,33.0,4101,3,459,27.57,3381375.0,17054.0
2022-04-04,2591,6954755,823,545594,1033,42,565.0,35.0,4107,6,674,32.57,3381375.0,17054.0
2022-04-05,3896,6958651,1031,546625,1054,45,579.0,37.0,4115,8,871,27.77,3381375.0,17054.0
2022-04-06,3642,6962293,1010,547635,1062,50,578.0,40.0,4118,3,870,28.61,3386264.0,22568.0
2022-04-07,3887,6966180,920,548555,1064,50,592.0,37.0,4126,8,783,24.83,3386264.0,22568.0
2022-04-08,3660,6969840,932,549487,1067,48,591.0,32.0,4134,8,821,26.42,3386264.0,22568.0
2022-04-09,3405,6973245,822,550309,1051,49,582.0,32.0,4137,3,736,24.79,3386264.0,22568.0
2022-04-10,2243,6975488,591,550900,1082,47,605.0,34.0,4141,4,515,27.37,3386264.0,22568.0
2022-04-11,2845,6978333,839,551739,1105,48,627.0,38.0,4146,5,646,30.58,3386264.0,22568.0
2022-04-12,4434,6982767,1012,552751,1117,50,643.0,40.0,4153,7,900,23.91,3386264.0,22568.0
2022-04-13,4441,6987208,1025,553776,1106,49,619.0,36.0,4162,9,878,23.82,3389886.0,28724.0
2022-04-14,4083,6991291,1023,554799,1105,45,628.0,32.0,4169,7,904,25.89,3389886.0,28724.0
2022-04-15,4217,6995508,846,555645,1095,46,621.0,33.0,4176,7,757,21.08,3389886.0,28724.0
2022-04-16,2717,6998225,738,556383,1099,47,625.0,36.0,4186,10,648,28.27,3389886.0,28724.0
2022-04-17,2260,7000485,637,557020,1144,42,648.0,32.0,4193,7,558,29.96,3389886.0,28724.0
2022-04-18,2715,7003200,812,557832,1190,47,672.0,34.0,4199,6,691,31.01,3389886.0,28724.0
2022-04-19,4466,7007666,1124,558956,1204,49,681.0,37.0,4205,6,928,26.15,3389886.0,28724.0
2022-04-20,4938,7012604,1228,560184,1208,50,682.0,38.0,4212,7,1031,26.08,3385976.0,34804.0
2022-04-21,4487,7017091,1038,561222,1224,47,687.0,36.0,4223,11,889,24.05,3385976.0,34804.0
2022-04-22,3610,7020701,968,562190,1243,46,704.0,38.0,4234,11,803,27.45,3385976.0,34804.0
2022-04-23,3590,7024291,838,563028,1219,48,686.0,41.0,4248,14,749,24.76,3385976.0,34804.0
2022-04-24,2912,7027203,677,563705,1253,48,700.0,37.0,4254,6,584,24.11,3385976.0,34804.0
2022-04-25,2330,7029533,700,564405,1302,54,716.0,41.0,4265,11,531,31.33,3385976.0,34804.0
2022-04-26,4839,7034372,1078,565483,1306,54,715.0,44.0,4273,8,920,23.52,3385976.0,34804.0
2022-04-27,4000,7038372,942,566425,1300,54,699.0,39.0,4283,10,790,24.5,3389176.0,41373.0
2022-04-28,4488,7042860,918,567343,1275,51,682.0,38.0,4293,10,759,21.23,3389176.0,41373.0
2022-04-29,3704,7046564,756,568099,1263,49,682.0,39.0,4306,13,628,21.63,3389176.0,41373.0
2022-04-30,3488,7050052,726,568825,1227,44,655.0,37.0,4311,5,615,22.02,3389176.0,41373.0
2022-05-01,2260,7052312,609,569434,1277,45,685.0,38.0,4324,13,525,28.1,3389176.0,41373.0
2022-05-02,2966,7055278,671,570105,1336,49,711.0,38.0,4329,5,531,23.63,3389176.0,41373.0
2022-05-03,3628,7058906,756,570861,1347,55,720.0,42.0,4338,9,632,21.91,3389176.0,41373.0
2022-05-04,3843,7062749,772,571633,1308,50,704.0,40.0,4349,11,669,20.63,3392584.0,47127.0
2022-05-05,3961,7066710,777,572410,1301,47,702.0,38.0,4357,8,632,20.47,3392584.0,47127.0
2022-05-06,3691,7070401,690,573100,1271,43,673.0,36.0,4367,10,569,19.56,3392584.0,47127.0
2022-05-07,2851,7073252,590,573690,1218,38,640.0,30.0,4373,6,505,21.29,3392584.0,47127.0
2022-05-08,841,7074093,134,573824,1245,38,652.0,29.0,4382,9,103,17.0,3392584.0,47127.0
2022-05-09,3225,7077318,822,574646,1276,40,666.0,28.0,4388,6,655,26.79,3392584.0,47127.0
2022-05-10,3156,7080474,654,575300,1263,41,649.0,29.0,4399,11,535,21.67,3392584.0,47127.0
2022-05-11,3135,7083609,585,575885,1237,37,621.0,29.0,4407,8,467,19.52,3394959.0,51506.0
2022-05-12,3203,7086812,602,576487,1221,36,617.0,26.0,4419,12,471,19.29,3394959.0,51506.0
2022-05-13,2348,7089160,470,576957,1197,39,611.0,30.0,4425,6,388,20.87,3394959.0,51506.0
2022-05-14,2635,7091795,450,577407,1170,38,597.0,28.0,4432,7,374,17.69,3394959.0,51506.0
2022-05-15,1846,7093641,354,577761,1183,41,602.0,29.0,4440,8,292,19.99,3394959.0,51506.0
2022-05-16,2125,7095766,479,578240,1210,42,613.0,28.0,4447,7,374,23.15,3394959.0,51506.0
2022-05-17,3277,7099043,546,578786,1215,39,611.0,26.0,4458,11,436,18.31,3394959.0,51506.0
2022-05-18,2357,7101400,469,579255,1185,37,588.0,25.0,4465,7,373,20.62,3397198.0,54612.0
2022-05-19,2847,7104247,493,579748,1172,37,584.0,25.0,4471,6,382,19.11,3397198.0,54612.0
2022-05-20,2280,7106527,355,580103,1095,34,543.0,25.0,4476,5,270,15.88,3397198.0,54612.0
2022-05-21,2219,7108746,291,580394,1064,31,525.0,24.0,4485,9,234,13.84,3397198.0,54612.0
2022-05-22,1495,7110241,231,580625,1065,30,529.0,23.0,4495,10,182,15.99,3397198.0,54612.0
2022-05-23,1648,7111889,320,580945,1079,31,540.0,24.0,4499,4,263,20.75,3397198.0,54612.0
2022-05-24,1868,7113757,389,581334,1097,31,545.0,24.0,4506,7,298,21.25,3397198.0,54612.0
2022-05-25,2958,7116715,453,581787,1073,26,536.0,21.0,4511,5,345,16.02,3407041.0,57202.0
2022-05-26,2205,7118920,363,582150,1031,32,512.0,24.0,4516,5,294,17.05,3407041.0,57202.0
2022-05-27,2172,7121092,341,582491,1001,35,491.0,28.0,4521,5,267,17.08,3407041.0,57202.0
2022-05-28,1813,7122905,259,582750,958,33,468.0,27.0,4522,1,208,14.89,3407041.0,57202.0
2022-05-29,799,7123704,88,582838,949,34,474.0,26.0,4527,5,72,12.89,3407041.0,57202.0
2022-05-30,2124,7125828,438,583276,951,34,483.0,26.0,4535,8,319,21.99,3407041.0,57202.0
2022-05-31,2359,7128187,357,583633,943,32,475.0,25.0,4540,5,270,15.68,3407041.0,57202.0
2022-06-01,2068,7130255,271,583904,905,33,452.0,25.0,4543,3,234,13.78,3409240.0,59433.0
2022-06-02,1989,7132244,298,584202,871,32,436.0,23.0,4543,0,241,15.28,3409240.0,59433.0
2022-06-03,1855,7134099,266,584468,864,32,433.0,23.0,4549,6,204,15.2,3409240.0,59433.0
2022-06-04,1463,7135562,195,584663,828,30,418.0,21.0,4559,10,153,13.47,3409240.0,59433.0
2022-06-05,1149,7136711,187,584850,829,28,417.0,21.0,4562,3,143,17.23,3409240.0,59433.0
2022-06-06,1394,7138105,232,585082,844,25,419.0,19.0,4564,2,154,17.43,3409240.0,59433.0
2022-06-07,2071,7140176,290,585372,821,22,412.0,18.0,4566,2,225,14.29,3409240.0,59433.0
2022-06-08,2099,7142275,263,585635,792,22,396.0,20.0,4570,4,190,12.77,3403562.0,61084.0
2022-06-09,1772,7144047,246,585881,771,19,378.0,16.0,4573,3,197,14.16,3403562.0,61084.0
2022-06-10,1327,7145374,183,586064,767,22,377.0,17.0,4575,2,144,14.32,3403562.0,61084.0
2022-06-11,1211,7146585,142,586206,742,25,367.0,20.0,4576,1,112,12.88,3403562.0,61084.0
2022-06-12,1285,7147870,146,586352,735,22,365.0,17.0,4580,4,115,11.83,3403562.0,61084.0
2022-06-13,1242,7149112,163,586515,739,19,368.0,13.0,4582,2,126,13.77,3403562.0,61084.0
2022-06-14,1527,7150639,206,586721,719,21,362.0,12.0,4583,1,144,14.01,3403562.0,61084.0
2022-06-15,1775,7152414,184,586905,706,21,356.0,12.0,4584,1,139,10.76,3405632.0,62429.0
2022-06-16,1218,7153632,146,587051,691,17,346.0,8.0,4584,0,119,12.32,3405632.0,62429.0
2022-06-17,1521,7155153,176,587227,678,14,345.0,8.0,4584,0,124,12.49,3405632.0,62429.0
2022-06-18,1231,7156384,162,587389,663,18,342.0,11.0,4589,5,130,14.3,3405632.0,62429.0
2022-06-19,734,7157118,66,587455,666,17,346.0,10.0,4593,4,51,8.86,3405632.0,62429.0
2022-06-20,949,7158067,138,587593,682,18,350.0,11.0,4595,2,112,15.91,3405632.0,62429.0
2022-06-21,1409,7159476,180,587773,674,20,351.0,13.0,4598,3,138,13.48,3405632.0,62429.0
2022-06-22,1394,7160870,153,587926,660,15,344.0,9.0,4601,3,116,11.33,3406934.0,64211.0
2022-06-23,1419,7162289,127,588053,651,17,338.0,12.0,4604,3,108,10.22,3406934.0,64211.0
2022-06-24,1067,7163356,132,588185,632,15,324.0,10.0,4608,4,92,13.12,3406934.0,64211.0
2022-06-25,1110,7164466,121,588306,609,15,309.0,8.0,4610,2,101,11.44,3406934.0,64211.0
2022-06-26,824,7165290,92,588398,605,15,310.0,8.0,4611,1,77,11.65,3406934.0,64211.0
2022-06-27,1036,7166326,128,588526,602,13,303.0,7.0,4612,1,95,13.42,3406934.0,64211.0
2022-06-28,1372,7167698,168,588694,584,14,288.0,8.0,4613,1,141,12.54,3406934.0,64211.0
2022-06-29,1459,7169157,174,588868,576,14,289.0,7.0,4615,2,135,13.5,3406934.0,65012.0
2022-06-30,1103,7170260,197,589065,562,16,277.0,7.0,4617,2,149,18.77,3406934.0,65012.0
2022-07-01,1016,7171276,156,589221,555,15,280.0,8.0,4621,4,129,16.04,3406934.0,65012.0
2022-07-02,830,7172106,125,589346,564,17,293.0,8.0,4621,0,102,16.27,3406934.0,65012.0
2022-07-03,922,7173028,114,589460,571,19,302.0,10.0,4624,3,96,13.23,3406934.0,65012.0
2022-07-04,1122,7174150,180,589640,592,23,313.0,13.0,4625,1,154,17.65,3406934.0,65012.0
2022-07-05,1298,7175448,247,589887,595,19,315.0,10.0,4629,4,200,20.18,3406934.0,65012.0
2022-07-06,1130,7176578,188,590075,575,21,295.0,9.0,4630,1,152,17.26,3409805.0,66047.0
2022-07-07,1204,7177782,230,590305,573,21,294.0,10.0,4633,3,187,20.51,3409805.0,66047.0
2022-07-08,1089,7178871,190,590495,563,18,292.0,10.0,4635,2,157,18.64,3409805.0,66047.0
2022-07-09,1087,7179958,191,590686,544,19,285.0,11.0,4639,4,163,17.85,3409805.0,66047.0
2022-07-10,782,7180740,131,590817,555,16,293.0,9.0,4640,1,110,18.16,3409805.0,66047.0
2022-07-11,980,7181720,176,590993,573,17,304.0,10.0,4644,4,143,19.08,3409805.0,66047.0
2022-07-12,1154,7182874,250,591243,562,22,291.0,13.0,4645,1,211,22.44,3409805.0,66047.0
2022-07-13,1364,7184238,264,591507,550,25,283.0,14.0,4646,1,208,19.72,3411394.0,67404.0
2022-07-14,1082,7185320,235,591742,552,25,280.0,15.0,4649,3,165,22.37,3411394.0,67404.0
2022-07-15,1134,7186454,245,591987,554,20,280.0,12.0,4651,2,198,22.66,3411394.0,67404.0
2022-07-16,1001,7187455,205,592192,561,22,281.0,14.0,4652,1,180,21.98,3411394.0,67404.0
2022-07-17,892,7188347,179,592371,578,26,295.0,18.0,4653,1,150,20.74,3411394.0,67404.0
2022-07-18,1060,7189407,304,592675,602,27,313.0,21.0,4654,1,196,29.53,3411394.0,67404.0
2022-07-19,1405,7190812,320,592995,595,27,316.0,22.0,4656,2,250,23.99,3411394.0,67404.0
2022-07-20,1218,7192030,264,593259,591,25,316.0,21.0,4659,3,204,23.15,3412985.0,69088.0
2022-07-21,1140,7193170,275,593534,592,21,311.0,17.0,4661,2,185,25.35,3412985.0,69088.0
2022-07-22,1072,7194242,217,593751,606,23,316.0,18.0,4663,2,166,22.39,3412985.0,69088.0
2022-07-23,1031,7195273,232,593983,624,24,327.0,20.0,4666,3,188,24.44,3412985.0,69088.0
2022-07-24,784,7196057,162,594145,655,26,338.0,22.0,4667,1,114,21.94,3412985.0,69088.0
2022-07-25,949,7197006,217,594362,686,27,355.0,21.0,4673,6,169,24.24,3412985.0,69088.0
2022-07-26,1317,7198323,297,594659,705,25,358.0,20.0,4677,4,229,23.84,3412985.0,69088.0
2022-07-27,1292,7199615,237,594896,713,25,357.0,20.0,4679,2,185,19.35,3414320.0,70795.0
2022-07-28,1179,7200794,252,595148,739,22,369.0,16.0,4683,4,199,23.24,3414320.0,70795.0
2022-07-29,1336,7202130,308,595456,738,22,363.0,16.0,4685,2,190,24.48,3414320.0,70795.0
2022-07-30,929,7203059,198,595654,725,21,349.0,16.0,4687,2,145,22.39,3414320.0,70795.0
2022-07-31,766,7203825,150,595804,739,26,358.0,21.0,4698,11,109,22.06,3414320.0,70795.0
2022-08-01,950,7204775,212,596016,750,28,360.0,22.0,4701,3,174,24.11,3414320.0,70795.0
2022-08-02,1159,7205934,246,596262,771,26,376.0,20.0,4704,3,171,23.3,3414320.0,70795.0
2022-08-03,1483,7207417,332,596594,757,24,365.0,17.0,4707,3,275,24.14,3415323.0,72447.0
2022-08-04,1149,7208566,266,596860,772,23,364.0,13.0,4709,2,203,24.89,3415323.0,72447.0
2022-08-05,1146,7209712,257,597117,772,32,356.0,17.0,4711,2,192,24.0,3415323.0,72447.0
2022-08-06,1069,7210781,245,597362,762,29,346.0,17.0,4718,7,171,23.67,3415323.0,72447.0
2022-08-07,924,7211705,212,597574,778,27,349.0,15.0,4719,1,146,24.03,3415323.0,72447.0
2022-08-08,916,7212621,215,597789,807,29,363.0,16.0,4725,6,148,26.2,3415323.0,72447.0
2022-08-09,1258,7213879,277,598066,789,30,359.0,19.0,4730,5,201,24.32,3415323.0,72447.0
2022-08-10,1234,7215113,247,598313,795,31,361.0,21.0,4731,1,192,22.45,3416644.0,74212.0
2022-08-11,1168,7216281,271,598584,805,32,358.0,19.0,4735,4,202,25.09,3416644.0,74212.0
2022-08-12,1248,7217529,278,598862,809,30,360.0,19.0,4736,1,197,25.32,3416644.0,74212.0
2022-08-13,1156,7218685,233,599095,803,31,357.0,19.0,4737,1,175,21.37,3416644.0,74212.0
2022-08-14,848,7219533,126,599221,829,30,376.0,18.0,4742,5,95,17.57,3416644.0,74212.0
2022-08-15,943,7220476,202,599423,866,31,401.0,19.0,4744,2,142,24.07,3416644.0,74212.0
2022-08-16,1267,7221743,313,599736,872,32,414.0,19.0,4748,4,221,26.36,3416644.0,74212.0
2022-08-17,1180,7222923,231,599967,895,34,430.0,21.0,4753,5,175,21.44,3419175.0,75825.0
2022-08-18,1297,7224220,272,600239,864,27,406.0,15.0,4759,6,200,22.36,3419175.0,75825.0
2022-08-19,971,7225191,192,600431,852,30,402.0,18.0,4765,6,134,21.11,3419175.0,75825.0
2022-08-20,841,7226032,193,600624,852,25,395.0,14.0,4772,7,157,25.92,3419175.0,75825.0
2022-08-21,896,7226928,205,600829,859,25,392.0,15.0,4776,4,137,25.33,3419175.0,75825.0
2022-08-22,813,7227741,157,600986,897,29,409.0,18.0,4779,3,117,20.17,3419175.0,75825.0
2022-08-23,1349,7229090,260,601246,904,30,414.0,19.0,4782,3,204,21.05,3419175.0,75825.0
2022-08-24,1172,7230262,241,601487,893,31,401.0,19.0,4785,3,156,22.27,3420533.0,77658.0
2022-08-25,1312,7231574,187,601674,889,26,402.0,17.0,4789,4,120,15.32,3420533.0,77658.0
2022-08-26,1186,7232760,166,601840,885,34,396.0,22.0,4793,4,122,16.86,3420533.0,77658.0
2022-08-27,962,7233722,184,602024,858,29,382.0,21.0,4799,6,124,20.89,3420533.0,77658.0
2022-08-28,868,7234590,164,602188,867,26,388.0,20.0,4806,7,114,20.97,3420533.0,77658.0
2022-08-29,774,7235364,141,602329,880,20,394.0,16.0,4816,10,108,19.9,3420533.0,77658.0
2022-08-30,1071,7236435,170,602499,871,21,382.0,17.0,4821,5,123,17.83,3420533.0,77658.0
2022-08-31,1251,7237686,199,602698,840,20,355.0,14.0,4829,8,140,17.59,3422049.0,78755.0
2022-09-01,1028,7238714,174,602872,837,19,347.0,10.0,4831,2,121,18.68,3422049.0,78755.0
2022-09-02,1029,7239743,149,603021,826,22,345.0,12.0,4832,1,88,16.52,3422049.0,78755.0
2022-09-03,902,7240645,140,603161,797,21,334.0,13.0,4836,4,99,17.41,3422049.0,78755.0
2022-09-04,785,7241430,118,603279,802,22,338.0,14.0,4838,2,91,17.32,3422049.0,78755.0
2022-09-05,725,7242155,114,603393,833,20,362.0,13.0,4840,2,81,16.97,3422049.0,78755.0
2022-09-06,913,7243068,116,603509,846,17,362.0,10.0,4841,1,77,13.69,3422049.0,78755.0
2022-09-07,1185,7244253,214,603723,842,17,362.0,9.0,4850,9,156,19.07,3423156.0,79822.0
2022-09-08,928,7245181,175,603898,845,17,361.0,9.0,4851,1,139,20.58,3423156.0,79822.0
2022-09-09,1154,7246335,179,604077,832,18,361.0,10.0,4854,3,115,15.94,3423156.0,79822.0
2022-09-10,874,7247209,129,604206,819,20,355.0,12.0,4857,3,102,15.33,3423156.0,79822.0
2022-09-11,785,7247994,127,604333,822,27,356.0,16.0,4863,6,90,17.83,3423156.0,79822.0
2022-09-12,789,7248783,142,604475,866,26,374.0,15.0,4867,4,115,19.26,3423156.0,79822.0
2022-09-13,1240,7250023,228,604703,867,23,366.0,13.0,4871,4,165,20.48,3423156.0,79822.0
2022-09-14,1211,7251234,190,604893,876,21,374.0,13.0,4875,4,123,17.51,3424064.0,80899.0
2022-09-15,1076,7252310,201,605094,872,21,374.0,12.0,4876,1,150,20.54,3424064.0,80899.0
2022-09-16,945,7253255,169,605263,888,26,376.0,16.0,4879,3,123,19.47,3424064.0,80899.0
2022-09-17,923,7254178,190,605453,883,28,368.0,17.0,4884,5,140,21.89,3424064.0,80899.0
2022-09-18,826,7255004,134,605587,902,27,375.0,17.0,4889,5,84,18.16,3424064.0,80899.0
2022-09-19,942,7255946,197,605784,937,29,389.0,19.0,4893,4,147,23.14,3424064.0,80899.0
2022-09-20,1234,7257180,175,605959,949,28,389.0,19.0,4898,5,132,15.96,3424064.0,80899.0
2022-09-21,1229,7258409,257,606216,954,30,382.0,21.0,4901,3,198,23.68,3424948.0,82078.0
2022-09-22,1350,7259759,246,606462,973,32,394.0,23.0,4905,4,191,20.67,3424948.0,82078.0
2022-09-23,1101,7260860,193,606655,980,37,399.0,25.0,4908,3,127,19.26,3424948.0,82078.0
2022-09-24,1038,7261898,208,606863,985,38,405.0,26.0,4913,5,159,21.58,3424948.0,82078.0
2022-09-25,995,7262893,154,607017,1014,38,410.0,23.0,4922,9,108,17.69,3424948.0,82078.0
2022-09-26,1040,7263933,175,607192,1031,40,415.0,25.0,4927,5,132,18.17,3424948.0,82078.0
2022-09-27,1309,7265242,271,607463,1018,41,414.0,25.0,4929,2,209,23.15,3424948.0,82078.0
2022-09-28,1257,7266499,206,607669,1020,41,413.0,24.0,4933,4,136,17.9,3425775.0,83610.0
2022-09-29,1243,7267742,249,607918,1027,38,414.0,21.0,4939,6,174,22.69,3425775.0,83610.0
2022-09-30,982,7268724,168,608086,1036,33,430.0,20.0,4942,3,130,18.43,3425775.0,83610.0
2022-10-01,970,7269694,167,608253,1027,27,426.0,16.0,4944,2,113,18.25,3425775.0,83610.0
2022-10-02,958,7270652,169,608422,1038,33,433.0,18.0,4948,4,138,17.95,3425775.0,83610.0
2022-10-03,1070,7271722,189,608611,1055,33,443.0,16.0,4952,4,141,17.57,3425775.0,83610.0
2022-10-04,1152,7272874,268,608879,1055,32,445.0,15.0,4960,8,215,26.74,3425775.0,83610.0
2022-10-05,1028,7273902,180,609059,1042,31,431.0,14.0,4963,3,153,22.28,3425775.0,83610.0
2022-10-06,1436,7275338,212,609271,1031,30,425.0,15.0,4969,6,172,17.06,3425775.0,83610.0
2022-10-07,1251,7276589,182,609453,1015,31,425.0,16.0,4973,4,143,15.67,3425775.0,83610.0
2022-10-08,958,7277547,168,609621,1018,29,440.0,16.0,4978,5,144,19.62,3425775.0,83610.0
2022-10-09,798,7278345,145,609766,1028,28,447.0,14.0,4984,6,116,20.18,3425775.0,83610.0
2022-10-10,855,7279200,135,609901,1054,30,459.0,16.0,4987,3,98,17.43,3425775.0,83610.0
2022-10-11,1102,7280302,172,610073,1094,32,487.0,20.0,4992,5,129,16.42,3425775.0,83610.0
2022-10-12,1217,7281519,225,610298,1104,30,485.0,19.0,4996,4,172,20.05,3428936.0,86348.0
2022-10-13,1205,7282724,258,610556,1102,30,489.0,20.0,5002,6,198,23.65,3428936.0,86348.0
2022-10-14,1399,7284123,220,610776,1101,33,491.0,20.0,5008,6,174,17.66,3428936.0,86348.0
2022-10-15,1013,7285136,163,610939,1070,37,482.0,23.0,5011,3,128,17.97,3428936.0,86348.0
2022-10-16,944,7286080,183,611122,1099,35,495.0,22.0,5017,6,141,20.76,3428936.0,86348.0
2022-10-17,1012,7287092,159,611281,1115,32,504.0,19.0,5020,3,122,16.9,3428936.0,86348.0
2022-10-18,1394,7288486,234,611515,1123,30,504.0,17.0,5028,8,190,18.22,3428936.0,86348.0
2022-10-19,1228,7289714,238,611753,1134,31,509.0,20.0,5032,4,198,21.91,3430550.0,87710.0
2022-10-20,1302,7291016,234,611987,1118,33,505.0,22.0,5038,6,193,20.66,3430550.0,87710.0
2022-10-21,1301,7292317,202,612189,1124,32,507.0,20.0,5041,3,178,18.06,3430550.0,87710.0
2022-10-22,833,7293150,158,612347,1112,30,497.0,18.0,5050,9,117,20.53,3430550.0,87710.0
2022-10-23,1196,7294346,191,612538,1129,30,509.0,18.0,5059,9,156,17.64,3430550.0,87710.0
2022-10-24,1214,7295560,191,612729,1164,30,521.0,18.0,5063,4,148,16.64,3430550.0,87710.0
2022-10-25,1363,7296923,226,612955,1163,28,526.0,17.0,5069,6,175,18.05,3430550.0,87710.0
2022-10-26,1106,7298029,148,613103,1142,28,507.0,18.0,5074,5,108,14.74,3432396.0,89014.0
2022-10-27,1397,7299426,247,613350,1128,28,500.0,18.0,5082,8,190,19.33,3432396.0,89014.0
2022-10-28,1068,7300494,145,613495,1112,28,492.0,18.0,5088,6,123,16.1,3432396.0,89014.0
2022-10-29,1167,7301661,194,613689,1094,27,479.0,14.0,5093,5,155,17.91,3432396.0,89014.0
2022-10-30,938,7302599,155,613844,1112,25,492.0,13.0,5096,3,114,17.8,3432396.0,89014.0
2022-10-31,1120,7303719,156,614000,1131,25,503.0,13.0,5101,5,122,15.54,3432396.0,89014.0
2022-11-01,1464,7305183,264,614264,1141,25,512.0,14.0,5104,3,200,19.33,3432396.0,89014.0
2022-11-02,1142,7306325,193,614457,1131,29,505.0,16.0,5112,8,150,18.3,3433915.0,90555.0
2022-11-03,1858,7308183,236,614693,1147,27,512.0,17.0,5118,6,164,14.26,3433915.0,90555.0
2022-11-04,1209,7309392,202,614895,1129,28,505.0,18.0,5123,5,160,18.86,3433915.0,90555.0
2022-11-05,1392,7310784,190,615085,1108,31,502.0,18.0,5129,6,145,15.45,3433915.0,90555.0
2022-11-06,993,7311777,138,615223,1114,37,498.0,19.0,5134,5,102,14.6,3433915.0,90555.0
2022-11-07,1346,7313123,175,615398,1145,41,506.0,19.0,5140,6,121,15.3,3433915.0,90555.0
2022-11-08,1415,7314538,229,615627,1152,34,516.0,13.0,5148,8,176,18.09,3433915.0,90555.0
2022-11-09,1491,7316029,181,615808,1124,33,506.0,15.0,5156,8,139,14.22,3435276.0,91680.0
2022-11-10,1672,7317701,241,616049,1119,30,505.0,15.0,5161,5,189,16.03,3435276.0,91680.0
2022-11-11,1157,7318858,150,616199,1126,35,500.0,16.0,5165,4,117,14.61,3435276.0,91680.0
2022-11-12,1290,7320148,198,616397,1138,37,515.0,17.0,5169,4,146,16.9,3435276.0,91680.0
2022-11-13,1232,7321380,160,616557,1172,41,534.0,18.0,5174,5,130,14.77,3435276.0,91680.0
2022-11-14,1371,7322751,177,616734,1197,43,545.0,19.0,5178,4,142,13.57,3435276.0,91680.0
2022-11-15,1784,7324535,260,616994,1170,45,524.0,22.0,5189,11,202,16.03,3435276.0,91680.0
2022-11-16,1829,7326364,244,617238,1170,47,516.0,21.0,5196,7,172,15.36,3436689.0,93003.0
2022-11-17,1469,7327833,174,617412,1156,49,509.0,23.0,5208,12,134,13.27,3436689.0,93003.0
2022-11-18,1259,7329092,154,617566,1135,47,486.0,22.0,5223,15,122,13.9,,
2022-11-19,1544,7330636,207,617773,1109,43,475.0,21.0,5226,3,160,14.64,,
2022-11-20,1148,7331784,129,617902,1130,39,480.0,20.0,5229,3,92,13.07,,
2022-11-21,1336,7333120,187,618089,1179,40,507.0,23.0,5234,5,122,15.27,,
2022-11-22,1575,7334695,181,618270,1188,44,510.0,24.0,5241,7,142,12.51,,
2022-11-23,1948,7336643,274,618544,1182,49,503.0,27.0,5246,5,220,15.91,3438112.0,94351.0
2022-11-24,1480,7338123,203,618747,1171,48,497.0,26.0,5252,6,161,15.95,3438112.0,94351.0
2022-11-25,1386,7339509,205,618952,1133,48,491.0,26.0,5260,8,144,15.95,,
2022-11-26,1467,7340976,185,619137,1098,45,482.0,22.0,5267,7,149,13.63,,
2022-11-27,1127,7342103,131,619268,1111,45,491.0,24.0,5272,5,91,12.69,,
2022-11-28,1043,7343146,123,619391,1136,47,506.0,27.0,5280,8,94,12.66,,
2022-11-29,1569,7344715,213,619604,1116,45,491.0,25.0,5288,8,168,14.53,,
2022-11-30,1023,7345738,152,619756,1106,41,474.0,21.0,5298,10,121,16.91,3439462.0,95666.0
2022-12-01,1590,7347328,227,619983,1104,40,475.0,21.0,5299,1,162,15.91,3439462.0,95666.0
2022-12-02,1112,7348440,139,620122,1093,40,473.0,20.0,5305,6,101,14.03,,
2022-12-03,1159,7349599,168,620290,1053,41,448.0,21.0,5309,4,128,16.57,,
2022-12-04,965,7350564,120,620410,1078,40,458.0,23.0,5309,0,91,13.16,,
2022-12-05,1077,7351641,117,620527,1098,41,465.0,22.0,5312,3,82,11.98,,
2022-12-06,1295,7352936,171,620698,1088,41,466.0,24.0,5316,4,131,14.75,,
2022-12-07,1255,7354191,166,620864,1078,43,464.0,27.0,5322,6,126,14.58,3440626.0,96796.0
2022-12-08,1146,7355337,204,621068,1071,40,461.0,25.0,5326,4,160,19.2,3440626.0,96796.0
2022-12-09,1331,7356668,166,621234,1057,46,460.0,27.0,5329,3,130,14.2,,
2022-12-10,733,7357401,101,621335,1024,46,441.0,28.0,5336,7,80,16.23,,
2022-12-11,317,7357718,26,621361,1026,40,444.0,26.0,5341,5,18,9.15,,
2022-12-12,1809,7359527,202,621563,1040,43,457.0,27.0,5349,8,148,12.0,,
2022-12-13,1213,7360740,185,621748,1019,41,436.0,23.0,5351,2,140,15.99,,
2022-12-14,1085,7361825,144,621892,995,39,417.0,21.0,5354,3,115,15.39,,
2022-12-15,1235,7363060,156,622048,978,37,415.0,19.0,5358,4,118,14.09,,
2022-12-16,935,7363995,111,622159,971,41,412.0,20.0,5363,5,77,12.62,,
2022-12-17,1059,7365054,139,622298,928,38,386.0,22.0,5367,4,113,14.45,,
2022-12-18,635,7365689,79,622377,936,30,393.0,20.0,5372,5,58,14.17,,
2022-12-19,1072,7366761,107,622484,961,35,408.0,23.0,5376,4,71,10.82,,
2022-12-20,1133,7367894,166,622650,953,39,406.0,26.0,5380,4,127,15.98,,
2022-12-21,870,7368764,112,622762,917,35,386.0,25.0,5384,4,85,14.25,3442774.0,98749.0
2022-12-22,1085,7369849,152,622914,891,30,379.0,19.0,5388,4,113,14.56,3442774.0,98749.0
2022-12-23,740,7370589,97,623011,877,35,376.0,23.0,5393,5,76,14.59,,
2022-12-24,718,7371307,110,623121,851,33,366.0,22.0,5396,3,87,16.85,,
2022-12-25,703,7372010,81,623202,851,38,375.0,23.0,5398,2,64,12.8,,
2022-12-26,585,7372595,88,623290,884,41,397.0,25.0,5405,7,70,17.44,,
2022-12-27,737,7373332,128,623418,895,43,405.0,27.0,5408,3,95,18.86,,
2022-12-28,813,7374145,125,623543,911,43,424.0,27.0,5415,7,99,16.73,3442774.0,98749.0
2022-12-29,1309,7375454,201,623744,923,39,438.0,22.0,5416,1,158,17.57,3442774.0,98749.0
2022-12-30,834,7376288,124,623868,928,41,448.0,24.0,5417,1,86,16.19,,
2022-12-31,896,7377184,123,623991,924,41,446.0,24.0,5422,5,91,14.62,,
2023-01-01,669,7377853,104,624095,943,42,453.0,22.0,5425,3,74,17.19,,
2023-01-02,711,7378564,119,624214,962,45,465.0,23.0,5426,1,85,18.71,,
2023-01-03,1189,7379753,156,624370,964,48,467.0,24.0,5429,3,119,14.05,,
2023-01-04,975,7380728,146,624516,967,43,470.0,26.0,5431,2,111,16.62,3442774.0,98749.0
2023-01-05,1069,7381797,182,624698,952,35,458.0,23.0,5437,6,135,17.77,3442774.0,98749.0
2023-01-06,1044,7382841,134,624832,925,34,439.0,24.0,5441,4,99,14.94,,
2023-01-07,898,7383739,127,624959,902,33,422.0,21.0,5445,4,101,15.59,,
2023-01-08,739,7384478,121,625080,906,32,424.0,21.0,5447,2,89,18.13,,
2023-01-09,960,7385438,114,625194,931,33,430.0,23.0,5449,2,86,13.23,,
2023-01-10,1128,7386566,185,625379,934,34,423.0,23.0,5452,3,136,17.38,,
2023-01-11,934,7387500,134,625513,927,33,408.0,22.0,5457,5,98,16.17,3445203.0,101441.0
2023-01-12,1006,7388506,153,625666,914,37,398.0,23.0,5463,6,107,15.61,3445203.0,101441.0
2023-01-13,1025,7389531,116,625782,895,37,390.0,22.0,5470,7,79,12.68,,
2023-01-14,898,7390429,106,625888,861,35,368.0,18.0,5476,6,73,12.92,,
2023-01-15,615,7391044,76,625964,870,32,375.0,17.0,5479,3,43,12.68,,
2023-01-16,903,7391947,70,626034,898,31,389.0,16.0,5481,2,51,8.19,,
2023-01-17,987,7392934,122,626156,883,35,386.0,18.0,5485,4,84,13.37,,
2023-01-18,820,7393754,106,626262,862,34,378.0,18.0,5490,5,80,14.27,3446178.0,102269.0
2023-01-19,1002,7394756,109,626371,850,31,371.0,15.0,5494,4,84,11.68,3446178.0,102269.0
2023-01-20,821,7395577,112,626483,835,26,367.0,15.0,5499,5,80,14.86,,
2023-01-21,617,7396194,72,626555,805,28,356.0,16.0,5506,7,44,12.48,,
2023-01-22,564,7396758,69,626624,800,29,349.0,15.0,5509,3,44,13.83,,
2023-01-23,630,7397388,50,626674,816,30,357.0,16.0,5511,2,35,8.89,,
2023-01-24,867,7398255,132,626806,813,31,355.0,17.0,5513,2,91,17.07,,
2023-01-25,830,7399085,80,626886,800,31,356.0,15.0,5516,3,52,10.36,3446994.0,102915.0
2023-01-26,884,7399969,116,627002,778,31,348.0,17.0,5524,8,76,13.91,3446994.0,102915.0
2023-01-27,639,7400608,71,627073,757,26,343.0,17.0,5530,6,51,12.68,,
2023-01-28,635,7401243,84,627157,731,26,330.0,14.0,5534,4,54,14.96,,
2023-01-29,500,7401743,55,627212,725,27,330.0,16.0,5537,3,32,11.6,,
2023-01-30,764,7402507,56,627268,726,25,330.0,13.0,5540,3,35,8.12,,
2023-01-31,973,7403480,96,627364,719,27,321.0,14.0,5546,6,66,10.89,,
2023-02-01,908,7404388,98,627462,707,25,309.0,13.0,5550,4,61,12.11,3447853.0,103505.0
2023-02-02,768,7405156,83,627545,705,22,308.0,9.0,5552,2,47,11.07,3447853.0,103505.0
2023-02-03,897,7406053,88,627633,688,23,298.0,11.0,5553,1,28,10.7,,
2023-02-04,680,7406733,69,627702,675,22,286.0,10.0,5556,3,29,11.62,,
2023-02-05,614,7407347,58,627760,674,19,287.0,10.0,5557,1,20,9.77,,
2023-02-06,748,7408095,60,627820,706,21,301.0,10.0,5560,3,21,8.82,,
2023-02-07,917,7409012,74,627894,701,19,293.0,8.0,5562,2,28,9.38,,
2023-02-08,889,7409901,93,627987,692,19,282.0,8.0,5565,3,45,12.6,3448625.0,104048.0
2023-02-09,806,7410707,75,628062,678,20,275.0,9.0,5566,1,37,10.55,3448625.0,104048.0
2023-02-10,675,7411382,43,628105,658,16,266.0,7.0,5566,0,23,6.52,,
2023-02-11,681,7412063,44,628149,631,19,251.0,8.0,5567,1,19,6.9,,
2023-02-12,587,7412650,44,628193,628,17,249.0,8.0,5570,3,21,7.5,,
2023-02-13,674,7413324,60,628253,645,19,260.0,8.0,5572,2,26,9.5,,
2023-02-14,798,7414122,66,628319,638,20,253.0,9.0,5574,2,33,9.77,,
2023-02-15,820,7414942,76,628395,630,19,253.0,7.0,5577,3,27,10.24,3449372.0,104471.0
2023-02-16,718,7415660,45,628440,620,17,250.0,7.0,5577,0,13,6.96,3449372.0,104471.0
2023-02-17,809,7416469,89,628529,612,17,247.0,8.0,5577,0,23,11.74,,
2023-02-18,766,7417235,47,628576,590,17,235.0,8.0,5581,4,16,6.92,,
2023-02-19,635,7417870,43,628619,585,16,234.0,8.0,5585,4,16,7.4,,
2023-02-20,608,7418478,54,628673,598,16,242.0,8.0,5588,3,16,10.03,,
2023-02-21,693,7419171,52,628725,597,15,241.0,8.0,5589,1,24,7.94,,
2023-02-22,781,7419952,64,628789,585,15,237.0,8.0,5590,1,30,9.09,3449851.0,104893.0
2023-02-23,709,7420661,56,628845,583,13,245.0,7.0,5590,0,14,8.74,3449851.0,104893.0
2023-02-24,693,7421354,53,628898,577,16,243.0,9.0,5591,1,17,8.23,,
2023-02-25,660,7422014,48,628946,560,15,231.0,8.0,5594,3,14,8.18,,
2023-02-26,559,7422573,52,628998,567,14,233.0,8.0,5595,1,17,10.02,,
2023-02-27,708,7423281,58,629056,578,16,242.0,8.0,5600,5,19,9.75,,
2023-02-28,743,7424024,51,629107,554,14,230.0,7.0,5600,0,12,7.54,,
2023-03-01,691,7424715,51,629158,550,12,227.0,7.0,5602,2,17,7.96,3450467.0,105268.0
2023-03-02,691,7425406,43,629201,540,12,217.0,7.0,5603,1,9,6.51,3450467.0,105268.0
2023-03-03,620,7426026,50,629251,536,13,221.0,7.0,5604,1,10,8.71,,
2023-03-04,671,7426697,55,629306,535,14,223.0,8.0,5605,1,15,9.24,,
2023-03-05,558,7427255,40,629346,534,14,224.0,8.0,5608,3,6,8.42,,
2023-03-06,624,7427879,55,629401,543,13,229.0,7.0,5610,2,16,9.29,,
2023-03-07,679,7428558,51,629452,533,11,223.0,5.0,5610,0,5,8.25,,
2023-03-08,534,7429092,45,629497,522,13,223.0,7.0,5611,1,11,9.36,3451044.0,105590.0
2023-03-09,716,7429808,68,629565,509,12,218.0,6.0,5614,3,13,10.75,3451044.0,105590.0
2023-03-10,691,7430499,51,629616,497,11,210.0,5.0,5618,4,10,7.96,,
2023-03-11,635,7431134,71,629687,477,11,195.0,5.0,5620,2,14,11.97,,
2023-03-12,634,7431768,40,629727,492,13,202.0,6.0,5625,5,13,8.04,,
2023-03-13,634,7432402,60,629787,501,11,207.0,5.0,5625,0,17,10.73,,
2023-03-14,719,7433121,51,629838,491,13,197.0,8.0,5626,1,20,8.76,,
2023-03-15,807,7433928,92,629930,486,13,199.0,8.0,5629,3,33,12.64,3451552.0,105969.0
2023-03-16,574,7434502,50,629980,481,16,200.0,9.0,5629,0,5,9.06,3451552.0,105969.0
2023-03-17,799,7435301,54,630034,472,18,199.0,11.0,5631,2,13,7.26,,
2023-03-18,781,7436082,51,630085,463,16,196.0,9.0,5632,1,19,7.04,,
2023-03-19,597,7436679,51,630136,471,17,199.0,9.0,5634,2,11,9.38,,
2023-03-20,614,7437293,48,630184,490,20,209.0,12.0,5634,0,8,9.28,,
2023-03-21,809,7438102,69,630253,484,21,207.0,13.0,5635,1,15,9.15,,
2023-03-22,832,7438934,62,630315,479,22,211.0,14.0,5636,1,8,9.5,3451552.0,105969.0
2023-03-23,793,7439727,66,630381,466,19,203.0,12.0,5638,2,16,9.71,3451552.0,105969.0
2023-03-24,703,7440430,56,630437,467,19,203.0,13.0,5640,2,11,8.53,,
2023-03-25,673,7441103,48,630485,465,25,208.0,17.0,5640,0,7,7.58,,
2023-03-26,580,7441683,53,630538,477,26,216.0,18.0,5644,4,5,10.86,,
2023-03-27,538,7442221,40,630578,486,28,225.0,19.0,5644,0,10,8.36,,
2023-03-28,810,7443031,63,630641,479,27,219.0,17.0,5644,0,8,9.26,,
2023-03-29,577,7443608,43,630684,485,27,223.0,16.0,5644,0,8,8.67,3452427.0,106765.0
2023-03-30,749,7444357,73,630757,479,22,220.0,13.0,5650,6,13,11.08,3452427.0,106765.0
2023-03-31,636,7444993,57,630814,465,20,213.0,11.0,5651,1,2,9.12,,
2023-04-01,561,7445554,48,630862,470,19,223.0,10.0,5653,2,6,9.63,,
2023-04-02,540,7446094,46,630908,485,18,236.0,9.0,5655,2,4,9.81,,
2023-04-03,622,7446716,50,630958,503,20,243.0,11.0,5659,4,2,8.52,,
2023-04-04,653,7447369,40,630998,503,20,240.0,11.0,5661,2,2,7.81,,
2023-04-05,602,7447971,68,631066,497,18,235.0,10.0,5668,7,8,12.29,3452878.0,107145.0
2023-04-06,602,7448573,53,631119,487,15,231.0,9.0,5670,2,3,10.96,3452878.0,107145.0
2023-04-07,570,7449143,46,631165,473,16,230.0,9.0,5672,2,9,8.6,,
2023-04-08,484,7449627,41,631206,471,18,229.0,10.0,5675,3,5,9.3,,
2023-04-09,518,7450145,44,631250,467,18,228.0,11.0,5676,1,9,9.07,,
2023-04-10,524,7450669,46,631296,477,18,232.0,11.0,5678,2,7,10.11,,
2023-04-11,647,7451316,48,631344,467,21,230.0,13.0,5678,0,8,7.73,,
2023-04-12,559,7451875,47,631391,469,19,231.0,12.0,5680,2,7,9.12,3453122.0,107485.0
2023-04-13,541,7452416,44,631435,478,19,240.0,14.0,5681,1,4,8.13,3453122.0,107485.0
2023-04-14,540,7452956,39,631474,483,21,243.0,15.0,5684,3,6,8.89,,
2023-04-15,452,7453408,37,631511,465,18,233.0,13.0,5685,1,0,10.4,,
2023-04-16,461,7453869,48,631559,473,19,235.0,12.0,5691,6,2,10.85,,
2023-04-17,497,7454366,45,631604,484,20,235.0,12.0,5692,1,3,10.06,,
2023-04-18,579,7454945,66,631670,497,19,249.0,11.0,5695,3,3,13.3,,
2023-04-19,665,7455610,72,631742,503,23,246.0,13.0,5698,3,5,12.18,3453434.0,107787.0
2023-04-20,580,7456190,57,631799,504,23,241.0,14.0,5700,2,3,10.69,3453434.0,107787.0
2023-04-21,584,7456774,47,631846,495,21,241.0,15.0,5701,1,1,8.05,,
2023-04-22,497,7457271,48,631894,481,21,224.0,14.0,5704,3,3,10.06,,
2023-04-23,609,7457880,48,631942,492,20,227.0,13.0,5705,1,8,9.2,,
2023-04-24,527,7458407,49,631991,511,23,235.0,15.0,5708,3,1,9.68,,
2023-04-25,634,7459041,52,632043,518,26,239.0,16.0,5710,2,1,8.36,,
2023-04-26,517,7459558,51,632094,513,26,239.0,14.0,5713,3,0,10.64,3453715.0,108179.0
2023-04-27,521,7460079,46,632140,512,22,235.0,12.0,5718,5,0,10.56,3453715.0,108179.0
2023-04-28,611,7460690,59,632199,510,23,235.0,14.0,5720,2,3,11.13,,
2023-04-29,525,7461215,36,632235,501,24,237.0,17.0,5720,0,2,7.81,,
2023-04-30,496,7461711,32,632267,500,25,233.0,17.0,5722,2,0,7.66,,
2023-05-01,502,7462213,45,632312,509,23,236.0,17.0,5722,0,3,9.36,,
2023-05-02,606,7462819,51,632363,511,23,241.0,17.0,5723,1,0,10.23,,
2023-05-03,623,7463442,50,632413,509,19,235.0,14.0,5725,2,1,8.99,3454052.0,108498.0
2023-05-04,566,7464008,48,632461,499,18,228.0,12.0,5726,1,2,10.78,3454052.0,108498.0
2023-05-05,494,7464502,50,632511,500,18,227.0,10.0,5728,2,2,11.54,,
2023-05-06,474,7464976,40,632551,484,21,217.0,11.0,5730,2,1,9.07,,
2023-05-07,366,7465342,29,632580,482,21,213.0,12.0,5730,0,2,10.38,,
2023-05-08,534,7465876,51,632631,504,22,223.0,14.0,5735,5,0,11.05,,
2023-05-09,460,7466336,49,632680,517,22,231.0,16.0,5736,1,1,11.3,,
2023-05-10,495,7466831,40,632720,521,20,236.0,16.0,5738,2,3,9.49,3454052.0,108498.0
2023-05-11,577,7467408,43,632763,503,21,230.0,17.0,5740,2,2,8.49,3454052.0,108498.0
2023-05-12,500,7467908,45,632808,484,24,225.0,19.0,5744,4,2,9.8,,
2023-05-13,417,7468325,40,632848,481,21,229.0,15.0,5745,1,1,11.51,,
2023-05-14,453,7468778,32,632880,484,21,230.0,16.0,5748,3,0,7.51,,
2023-05-15,424,7469202,28,632908,495,20,232.0,15.0,5751,3,0,7.08,,
2023-05-16,512,7469714,49,632957,497,18,239.0,14.0,5754,3,0,11.33,,
2023-05-17,502,7470216,30,632987,484,17,221.0,13.0,5756,2,2,6.77,3454502.0,109096.0
2023-05-18,427,7470643,33,633020,483,17,215.0,12.0,5759,3,2,8.67,3454502.0,109096.0
2023-05-19,466,7471109,29,633049,461,14,208.0,10.0,5761,2,0,6.22,,
2023-05-20,443,7471552,27,633076,447,14,197.0,9.0,5762,1,0,7.45,,
2023-05-21,411,7471963,32,633108,458,13,197.0,9.0,5763,1,1,10.46,,
2023-05-22,408,7472371,24,633132,453,11,195.0,8.0,5764,1,0,7.11,,
2023-05-23,448,7472819,41,633173,463,13,200.0,7.0,5765,1,2,10.04,,
2023-05-24,445,7473264,21,633194,454,15,192.0,8.0,5765,0,0,6.07,3454502.0,109096.0
2023-05-25,516,7473780,40,633234,450,14,190.0,6.0,5765,0,1,9.11,3454502.0,109096.0
2023-05-26,454,7474234,20,633254,435,12,185.0,5.0,5767,2,0,4.41,,
2023-05-27,420,7474654,33,633287,427,11,179.0,5.0,5768,1,2,9.76,,
2023-05-28,332,7474986,26,633313,430,12,181.0,6.0,5771,3,1,9.94,,
2023-05-29,429,7475415,23,633336,440,13,185.0,6.0,5774,3,1,5.83,,
2023-05-30,620,7476035,39,633375,431,13,180.0,7.0,5777,3,1,6.94,,
2023-05-31,430,7476465,30,633405,429,13,179.0,8.0,5779,2,1,9.07,3454502.0,109096.0
2023-06-01,443,7476908,23,633428,423,13,169.0,7.0,5781,2,2,5.87,3454502.0,109096.0
2023-06-02,463,7477371,28,633456,424,13,164.0,7.0,5784,3,1,6.26,,
2023-06-03,399,7477770,22,633478,408,11,157.0,8.0,5785,1,1,6.77,,
2023-06-04,395,7478165,21,633499,408,9,156.0,7.0,5787,2,0,6.08,,
2023-06-05,444,7478609,18,633517,413,12,159.0,10.0,5789,2,0,5.18,,
2023-06-06,464,7479073,22,633539,400,12,149.0,10.0,5792,3,0,5.17,,
2023-06-07,379,7479452,8,633547,385,10,145.0,10.0,5794,2,0,2.37,3455054.0,109688.0
2023-06-08,481,7479933,23,633570,375,10,138.0,10.0,5796,2,0,4.99,3455054.0,109688.0
2023-06-09,172,7480105,4,633574,362,8,130.0,7.0,5797,1,0,2.33,,
2023-06-10,616,7480721,28,633602,353,8,129.0,6.0,5798,1,0,4.55,,
2023-06-11,308,7481029,10,633612,352,7,129.0,5.0,5799,1,0,3.25,,
2023-06-12,353,7481382,16,633628,357,8,130.0,4.0,5800,1,0,4.53,,
2023-06-13,400,7481782,14,633642,350,9,128.0,3.0,5801,1,0,4.0,,
2023-06-14,292,7482074,8,633650,350,9,131.0,4.0,5801,0,0,2.74,3447846.0,109953.0
2023-06-15,472,7482546,17,633667,342,10,127.0,4.0,5802,1,1,3.81,3447846.0,109953.0
2023-06-16,329,7482875,14,633681,333,11,119.0,5.0,5802,0,1,4.26,,
2023-06-17,293,7483168,13,633694,329,10,121.0,5.0,5803,1,1,4.78,,
2023-06-18,300,7483468,9,633703,327,8,117.0,3.0,5803,0,0,4.0,,
2023-06-19,314,7483782,18,633721,334,9,124.0,4.0,5804,1,0,6.37,,
2023-06-20,352,7484134,10,633731,327,9,125.0,4.0,5805,1,0,2.84,,
2023-06-21,307,7484441,10,633741,326,9,131.0,6.0,5805,0,0,3.26,3448042.0,110044.0
2023-06-22,373,7484814,8,633749,326,8,129.0,5.0,5806,1,0,3.22,3448042.0,110044.0
2023-06-23,352,7485166,14,633763,318,9,124.0,6.0,5806,0,0,3.98,,
2023-06-24,296,7485462,19,633782,306,7,122.0,3.0,5807,1,0,7.09,,
2023-06-25,324,7485786,6,633788,308,6,125.0,3.0,5809,2,0,2.78,,
2023-06-26,333,7486119,14,633802,313,5,126.0,3.0,5809,0,0,4.5,,
2023-06-27,344,7486463,12,633814,305,6,121.0,3.0,5809,0,0,3.78,,
2023-06-28,343,7486806,13,633827,293,3,116.0,2.0,5809,0,1,4.08,3448246.0,110123.0
2023-06-29,331,7487137,15,633842,294,4,117.0,3.0,5810,1,0,5.14,3448246.0,110123.0
2023-06-30,331,7487468,13,633855,287,3,116.0,2.0,5811,1,0,3.93,,
2023-07-01,331,7487799,23,633878,284,4,115.0,3.0,5813,2,0,7.85,,
2023-07-02,247,7488046,5,633883,278,3,108.0,2.0,5814,1,0,2.02,,
2023-07-03,303,7488349,15,633898,286,3,113.0,2.0,5815,1,0,5.61,,
2023-07-04,321,7488670,6,633904,282,4,111.0,2.0,5815,0,0,2.18,,
2023-07-05,320,7488990,3,633907,274,5,101.0,2.0,5815,0,0,1.25,3448246.0,110123.0
2023-07-06,335,7489325,13,633920,269,5,98.0,2.0,5815,0,0,3.88,3448246.0,110123.0
2023-07-07,357,7489682,10,633930,268,3,100.0,1.0,5815,0,0,2.8,,
2023-07-08,308,7489990,10,633940,264,4,98.0,1.0,5816,1,0,3.25,,
2023-07-09,263,7490253,7,633947,258,4,97.0,1.0,5816,0,0,3.04,,
2023-07-10,341,7490594,15,633962,261,7,100.0,2.0,5817,1,0,4.4,,
2023-07-11,318,7490912,13,633975,256,7,97.0,2.0,5817,0,0,4.09,,
2023-07-12,288,7491200,5,633980,255,6,97.0,2.0,5817,0,0,1.74,3448246.0,110123.0
2023-07-13,275,7491475,6,633986,245,6,93.0,2.0,5817,0,0,2.18,3448246.0,110123.0
2023-07-14,318,7491793,7,633993,243,6,92.0,2.0,5817,0,0,2.2,,
2023-07-15,296,7492089,13,634006,241,8,87.0,2.0,5817,0,0,4.39,,
2023-07-16,266,7492355,10,634016,241,8,90.0,2.0,5817,0,0,4.14,,
2023-07-17,343,7492698,13,634029,244,7,92.0,2.0,5817,0,0,4.37,,
2023-07-18,349,7493047,12,634041,244,6,,,5817,0,0,4.3,,
2023-07-19,311,7493358,19,634060,240,6,,,5817,0,0,6.43,3448246.0,110123.0
2023-07-20,256,7493614,11,634071,241,6,,,5818,1,0,5.08,3448246.0,110123.0
2023-07-21,379,7493993,19,634090,238,5,,,5818,0,0,5.01,,
2023-07-22,272,7494265,17,634107,234,5,,,5818,0,0,6.25,,
2023-07-23,289,7494554,14,634121,239,7,,,5818,0,0,4.84,,
2023-07-24,364,7494918,28,634149,242,7,,,5818,0,0,7.69,,
